// SPDX-License-Identifier: Apache-2.0
// GENERATED FILE — do not edit.
// Produced by tools/embed_model.py from:
//   ../assets/depgraph_r060_kd_int8.tflite
//   SHA256 ae08012b5a5dd1fd59673bba3d4b1d1c43d7cd1f410537824d7eb6c2edb40fb7
//   18256 bytes, TFLite schema v3
//
// Alignment: TFLM requires the flatbuffer to be at least 4-byte aligned
// (tflite::GetModel dereferences it in place); 16 keeps it clear of the
// Cortex-M55 cache-line and MVE load boundaries too.

#include "model/kws_model_data.h"

alignas(16) const unsigned char g_kws_model_data[] = {
    0x20, 0x00, 0x00, 0x00, 0x54, 0x46, 0x4c, 0x33, 0x00, 0x00, 0x00, 0x00, 0x14, 0x00, 0x20, 0x00,
    0x1c, 0x00, 0x18, 0x00, 0x14, 0x00, 0x10, 0x00, 0x0c, 0x00, 0x00, 0x00, 0x08, 0x00, 0x04, 0x00,
    0x14, 0x00, 0x00, 0x00, 0x1c, 0x00, 0x00, 0x00, 0x80, 0x00, 0x00, 0x00, 0x00, 0x01, 0x00, 0x00,
    0x90, 0x1a, 0x00, 0x00, 0xa0, 0x1a, 0x00, 0x00, 0x88, 0x46, 0x00, 0x00, 0x03, 0x00, 0x00, 0x00,
    0x01, 0x00, 0x00, 0x00, 0x04, 0x00, 0x00, 0x00, 0xca, 0xe4, 0xff, 0xff, 0x0c, 0x00, 0x00, 0x00,
    0x1c, 0x00, 0x00, 0x00, 0x38, 0x00, 0x00, 0x00, 0x0f, 0x00, 0x00, 0x00, 0x73, 0x65, 0x72, 0x76,
    0x69, 0x6e, 0x67, 0x5f, 0x64, 0x65, 0x66, 0x61, 0x75, 0x6c, 0x74, 0x00, 0x01, 0x00, 0x00, 0x00,
    0x04, 0x00, 0x00, 0x00, 0x74, 0xff, 0xff, 0xff, 0x23, 0x00, 0x00, 0x00, 0x04, 0x00, 0x00, 0x00,
    0x05, 0x00, 0x00, 0x00, 0x64, 0x65, 0x6e, 0x73, 0x65, 0x00, 0x00, 0x00, 0x01, 0x00, 0x00, 0x00,
    0x04, 0x00, 0x00, 0x00, 0x0e, 0xe6, 0xff, 0xff, 0x04, 0x00, 0x00, 0x00, 0x07, 0x00, 0x00, 0x00,
    0x69, 0x6e, 0x70, 0x75, 0x74, 0x5f, 0x31, 0x00, 0x03, 0x00, 0x00, 0x00, 0x5c, 0x00, 0x00, 0x00,
    0x2c, 0x00, 0x00, 0x00, 0x04, 0x00, 0x00, 0x00, 0xb8, 0xff, 0xff, 0xff, 0x27, 0x00, 0x00, 0x00,
    0x04, 0x00, 0x00, 0x00, 0x13, 0x00, 0x00, 0x00, 0x43, 0x4f, 0x4e, 0x56, 0x45, 0x52, 0x53, 0x49,
    0x4f, 0x4e, 0x5f, 0x4d, 0x45, 0x54, 0x41, 0x44, 0x41, 0x54, 0x41, 0x00, 0xdc, 0xff, 0xff, 0xff,
    0x26, 0x00, 0x00, 0x00, 0x04, 0x00, 0x00, 0x00, 0x13, 0x00, 0x00, 0x00, 0x6d, 0x69, 0x6e, 0x5f,
    0x72, 0x75, 0x6e, 0x74, 0x69, 0x6d, 0x65, 0x5f, 0x76, 0x65, 0x72, 0x73, 0x69, 0x6f, 0x6e, 0x00,
    0x08, 0x00, 0x0c, 0x00, 0x08, 0x00, 0x04, 0x00, 0x08, 0x00, 0x00, 0x00, 0x25, 0x00, 0x00, 0x00,
    0x04, 0x00, 0x00, 0x00, 0x13, 0x00, 0x00, 0x00, 0x6d, 0x69, 0x6e, 0x5f, 0x72, 0x75, 0x6e, 0x74,
    0x69, 0x6d, 0x65, 0x5f, 0x76, 0x65, 0x72, 0x73, 0x69, 0x6f, 0x6e, 0x00, 0x28, 0x00, 0x00, 0x00,
    0x8c, 0x19, 0x00, 0x00, 0x84, 0x19, 0x00, 0x00, 0x54, 0x19, 0x00, 0x00, 0x34, 0x19, 0x00, 0x00,
    0xf4, 0x18, 0x00, 0x00, 0xb8, 0x17, 0x00, 0x00, 0x44, 0x17, 0x00, 0x00, 0x78, 0x14, 0x00, 0x00,
    0xf8, 0x13, 0x00, 0x00, 0xec, 0x12, 0x00, 0x00, 0x6c, 0x12, 0x00, 0x00, 0x84, 0x0f, 0x00, 0x00,
    0x0c, 0x0f, 0x00, 0x00, 0x10, 0x0e, 0x00, 0x00, 0x98, 0x0d, 0x00, 0x00, 0x18, 0x0b, 0x00, 0x00,
    0xa8, 0x0a, 0x00, 0x00, 0xc0, 0x09, 0x00, 0x00, 0x50, 0x09, 0x00, 0x00, 0xe8, 0x06, 0x00, 0x00,
    0x74, 0x06, 0x00, 0x00, 0x80, 0x05, 0x00, 0x00, 0x0c, 0x05, 0x00, 0x00, 0x14, 0x01, 0x00, 0x00,
    0x0c, 0x01, 0x00, 0x00, 0x04, 0x01, 0x00, 0x00, 0xfc, 0x00, 0x00, 0x00, 0xf4, 0x00, 0x00, 0x00,
    0xec, 0x00, 0x00, 0x00, 0xe4, 0x00, 0x00, 0x00, 0xdc, 0x00, 0x00, 0x00, 0xd4, 0x00, 0x00, 0x00,
    0xcc, 0x00, 0x00, 0x00, 0xc4, 0x00, 0x00, 0x00, 0xbc, 0x00, 0x00, 0x00, 0xb4, 0x00, 0x00, 0x00,
    0xac, 0x00, 0x00, 0x00, 0x8c, 0x00, 0x00, 0x00, 0x6c, 0x00, 0x00, 0x00, 0x04, 0x00, 0x00, 0x00,
    0x4a, 0xe7, 0xff, 0xff, 0x04, 0x00, 0x00, 0x00, 0x58, 0x00, 0x00, 0x00, 0x0c, 0x00, 0x00, 0x00,
    0x08, 0x00, 0x0e, 0x00, 0x08, 0x00, 0x04, 0x00, 0x08, 0x00, 0x00, 0x00, 0x10, 0x00, 0x00, 0x00,
    0x28, 0x00, 0x00, 0x00, 0x00, 0x00, 0x06, 0x00, 0x08, 0x00, 0x04, 0x00, 0x06, 0x00, 0x00, 0x00,
    0x04, 0x00, 0x00, 0x00, 0x01, 0x00, 0x00, 0x00, 0xeb, 0x03, 0x00, 0x00, 0x00, 0x00, 0x0a, 0x00,
    0x10, 0x00, 0x0c, 0x00, 0x08, 0x00, 0x04, 0x00, 0x0a, 0x00, 0x00, 0x00, 0x02, 0x00, 0x00, 0x00,
    0x02, 0x00, 0x00, 0x00, 0x04, 0x00, 0x00, 0x00, 0x06, 0x00, 0x00, 0x00, 0x32, 0x2e, 0x31, 0x36,
    0x2e, 0x32, 0x00, 0x00, 0xae, 0xe7, 0xff, 0xff, 0x04, 0x00, 0x00, 0x00, 0x10, 0x00, 0x00, 0x00,
    0x00, 0x00, 0x00, 0x00, 0x00, 0x00, 0x00, 0x00, 0x00, 0x00, 0x00, 0x00, 0x00, 0x00, 0x00, 0x00,
    0xca, 0xe7, 0xff, 0xff, 0x04, 0x00, 0x00, 0x00, 0x10, 0x00, 0x00, 0x00, 0x31, 0x2e, 0x31, 0x34,
    0x2e, 0x30, 0x00, 0x00, 0x00, 0x00, 0x00, 0x00, 0x00, 0x00, 0x00, 0x00, 0x84, 0xbc, 0xff, 0xff,
    0x88, 0xbc, 0xff, 0xff, 0x8c, 0xbc, 0xff, 0xff, 0x90, 0xbc, 0xff, 0xff, 0x94, 0xbc, 0xff, 0xff,
    0x98, 0xbc, 0xff, 0xff, 0x9c, 0xbc, 0xff, 0xff, 0xa0, 0xbc, 0xff, 0xff, 0xa4, 0xbc, 0xff, 0xff,
    0xa8, 0xbc, 0xff, 0xff, 0xac, 0xbc, 0xff, 0xff, 0xb0, 0xbc, 0xff, 0xff, 0xb4, 0xbc, 0xff, 0xff,
    0x1a, 0xe8, 0xff, 0xff, 0x04, 0x00, 0x00, 0x00, 0xe8, 0x03, 0x00, 0x00, 0x49, 0x37, 0x22, 0xdc,
    0x37, 0x4f, 0x46, 0x3f, 0xfa, 0x12, 0x15, 0x4d, 0xeb, 0xa9, 0x00, 0x09, 0xef, 0x81, 0xbe, 0xca,
    0xfa, 0xea, 0xb3, 0xcb, 0xeb, 0x18, 0xd4, 0xdd, 0xff, 0xfc, 0xe6, 0x13, 0x05, 0x19, 0x46, 0x1d,
    0xae, 0x27, 0x1e, 0x0b, 0xf6, 0x06, 0x09, 0x11, 0x0c, 0x0f, 0xb3, 0x20, 0x04, 0x0f, 0x81, 0x56,
    0xf3, 0xf0, 0x9a, 0x36, 0x05, 0xc9, 0x0c, 0x1d, 0xfd, 0xd6, 0x37, 0xd8, 0x05, 0x12, 0x23, 0xe4,
    0x0a, 0x18, 0x1b, 0xf0, 0x12, 0x1e, 0x2c, 0xfb, 0x03, 0xff, 0x1c, 0x02, 0xd2, 0x09, 0xfd, 0xf1,
    0xc4, 0xf8, 0x45, 0x36, 0xa7, 0xab, 0x1f, 0x25, 0xac, 0xc7, 0xa5, 0xae, 0x02, 0xfd, 0x91, 0xf7,
    0xf3, 0x0f, 0xda, 0x7f, 0x26, 0x12, 0xe2, 0x45, 0x2b, 0xfa, 0xc7, 0x1f, 0x22, 0xfc, 0x11, 0x57,
    0xf8, 0x14, 0x17, 0x5a, 0x25, 0xea, 0x20, 0x07, 0xfd, 0xfa, 0xf4, 0xf3, 0xe8, 0xdf, 0xe7, 0x0a,
    0xce, 0xda, 0x20, 0x24, 0xcc, 0xeb, 0x69, 0x3b, 0xd7, 0x0c, 0x7f, 0x34, 0xee, 0xf2, 0x4a, 0x17,
    0x03, 0x05, 0x03, 0x0b, 0x05, 0xef, 0xe7, 0xf1, 0xfb, 0x01, 0xec, 0x09, 0xfd, 0x53, 0x75, 0x0b,
    0xda, 0x61, 0x6f, 0xf8, 0xff, 0x3c, 0x4d, 0x2e, 0x01, 0x27, 0x24, 0x0d, 0x15, 0xcd, 0x08, 0xde,
    0x0d, 0xd2, 0xfd, 0xce, 0x07, 0xe0, 0xa5, 0x81, 0x2c, 0x0e, 0xc1, 0xb8, 0x2e, 0xcd, 0xa0, 0xdc,
    0x33, 0xba, 0xa6, 0x0c, 0x00, 0x43, 0x03, 0x9a, 0xf0, 0x26, 0x22, 0x81, 0xdf, 0x1f, 0x40, 0xbc,
    0xcd, 0xe6, 0x4f, 0xeb, 0xe1, 0xf4, 0x1c, 0x34, 0xf4, 0xf8, 0xf3, 0x65, 0x1c, 0xe5, 0xda, 0x3b,
    0x04, 0xf1, 0xd9, 0x30, 0x1b, 0xfe, 0xea, 0x0f, 0x1d, 0xfc, 0xf9, 0x01, 0x19, 0xeb, 0x5a, 0x07,
    0x22, 0xe9, 0x43, 0x39, 0x1c, 0xe4, 0xc2, 0x7f, 0xef, 0x0e, 0xbc, 0x52, 0xc9, 0x0e, 0xb5, 0x0e,
    0xd5, 0xe2, 0xd9, 0xe2, 0xc2, 0x92, 0xc6, 0xe6, 0x0f, 0xbf, 0xe4, 0x0f, 0x2b, 0xa9, 0x0d, 0x1d,
    0x39, 0x27, 0x0e, 0x59, 0xfb, 0x04, 0xf0, 0x1b, 0x03, 0x09, 0x03, 0x16, 0xed, 0x1a, 0x0c, 0xf5,
    0xff, 0x1e, 0xe6, 0x0e, 0x07, 0x2d, 0xc3, 0x3f, 0x0f, 0xef, 0xcd, 0x50, 0xf2, 0xba, 0x11, 0x51,
    0xea, 0xb9, 0x47, 0xe3, 0xee, 0xf9, 0x4d, 0x81, 0x06, 0x31, 0xf7, 0x8a, 0x06, 0x05, 0x1b, 0xe6,
    0x0f, 0xfc, 0x22, 0xcb, 0x13, 0xef, 0x17, 0x0f, 0xfb, 0xe7, 0xfd, 0x73, 0xdc, 0xed, 0xf1, 0x7f,
    0xd2, 0x1e, 0xea, 0x2e, 0x00, 0x1e, 0xeb, 0xd5, 0xff, 0x03, 0xe0, 0xb0, 0x09, 0xfc, 0xf1, 0xba,
    0x0a, 0xfb, 0x08, 0xd2, 0x05, 0x81, 0x13, 0x55, 0xca, 0x8b, 0xd2, 0x23, 0xe5, 0xdd, 0xc8, 0x3f,
    0xbf, 0x15, 0x2e, 0x65, 0xe2, 0x33, 0x4a, 0x13, 0x0a, 0x16, 0x5e, 0xe4, 0x0b, 0x24, 0x2e, 0x8b,
    0x16, 0x1e, 0x1a, 0x8d, 0x35, 0x28, 0xdc, 0xd5, 0x16, 0x65, 0xb9, 0xf5, 0xe4, 0x42, 0xd8, 0xbc,
    0xe4, 0x3c, 0xf5, 0xbc, 0xf5, 0x3c, 0x00, 0x0b, 0xfa, 0x1e, 0x25, 0x34, 0xe7, 0x20, 0x1c, 0x7f,
    0xf4, 0xf8, 0x30, 0x67, 0xe4, 0xd9, 0x24, 0x55, 0xf4, 0xeb, 0x09, 0x18, 0x0b, 0xd8, 0xf8, 0xe6,
    0x00, 0xcd, 0xfd, 0xb4, 0x0b, 0xf9, 0x05, 0x42, 0x05, 0xdf, 0x17, 0x03, 0xe2, 0xe5, 0x00, 0xc0,
    0xca, 0xcf, 0xf5, 0xcf, 0x81, 0xcd, 0xcc, 0xd6, 0xb3, 0xd3, 0xe8, 0x03, 0x0c, 0xd2, 0xee, 0x25,
    0x4a, 0xf4, 0xe7, 0x21, 0x4c, 0x00, 0xee, 0x02, 0x16, 0x2a, 0xf6, 0xf6, 0x30, 0xb0, 0x52, 0x35,
    0x15, 0xad, 0x12, 0xbf, 0xdf, 0xfd, 0xac, 0xed, 0xb6, 0x32, 0xb1, 0xde, 0x81, 0x31, 0x0b, 0xe4,
    0x88, 0x0a, 0x26, 0xd4, 0xdd, 0xf9, 0x2a, 0xd9, 0x1b, 0x08, 0x22, 0xcd, 0x6f, 0x24, 0x17, 0xe2,
    0x73, 0x1b, 0x0f, 0x10, 0xe6, 0xe6, 0x18, 0xd8, 0x08, 0x04, 0x30, 0xf4, 0x28, 0x39, 0x37, 0xfe,
    0x3d, 0x41, 0x7f, 0x11, 0x31, 0x4a, 0x5c, 0x18, 0x00, 0x1a, 0xff, 0x01, 0xee, 0xf8, 0xb0, 0x01,
    0xf8, 0xcf, 0xc6, 0xfe, 0xe2, 0xe5, 0xf8, 0x14, 0xc0, 0xeb, 0xfd, 0x20, 0x79, 0x58, 0xc0, 0xbc,
    0x56, 0x1c, 0xbf, 0xe4, 0xfa, 0xc7, 0x06, 0xd3, 0xe4, 0x81, 0x23, 0x28, 0xb9, 0xc1, 0x15, 0x27,
    0xda, 0xe3, 0x27, 0x67, 0xf9, 0x38, 0x14, 0x5a, 0x0b, 0x1e, 0x0b, 0x19, 0x21, 0x12, 0x1f, 0xb0,
    0x01, 0xe9, 0x05, 0x85, 0x26, 0xcf, 0x17, 0xe3, 0x3d, 0xd4, 0xfb, 0x20, 0x22, 0xcb, 0x00, 0x3d,
    0x14, 0xdb, 0xe1, 0x69, 0xf8, 0xe3, 0x03, 0x66, 0xeb, 0x0e, 0x0b, 0x37, 0xdc, 0x41, 0x0f, 0xfb,
    0xeb, 0x41, 0x22, 0xd9, 0xfa, 0x4a, 0x3d, 0x8e, 0x11, 0x42, 0x16, 0x81, 0x37, 0xd6, 0xcc, 0x24,
    0x50, 0x23, 0xbc, 0x3b, 0x31, 0x79, 0xf0, 0x1a, 0xdc, 0x69, 0x15, 0xca, 0xc4, 0xf5, 0x36, 0xb2,
    0x96, 0x81, 0x47, 0xcf, 0xb1, 0xb5, 0x24, 0xf6, 0x17, 0xe6, 0x03, 0x42, 0x3d, 0x46, 0xe0, 0x2c,
    0x04, 0x08, 0x21, 0xb4, 0x18, 0x1a, 0xfa, 0xf4, 0x22, 0x0f, 0xf8, 0x2d, 0xfc, 0xf2, 0xfd, 0x3f,
    0xf2, 0xdd, 0x37, 0x23, 0xfb, 0xd2, 0x40, 0xb3, 0x12, 0xff, 0x07, 0x81, 0xfc, 0x01, 0xd8, 0xdc,
    0xf4, 0xfc, 0x00, 0x22, 0xf1, 0x0b, 0x0b, 0x04, 0xff, 0x11, 0x05, 0x0d, 0xfd, 0x1f, 0xe0, 0xbf,
    0x0e, 0x03, 0x2e, 0x07, 0x05, 0x1b, 0x37, 0x57, 0xdf, 0x81, 0x30, 0x4a, 0x05, 0xdd, 0xa7, 0x8a,
    0x08, 0x31, 0xd5, 0x92, 0x00, 0x2a, 0x11, 0x38, 0x06, 0x08, 0x14, 0x63, 0x0b, 0xe1, 0x26, 0x19,
    0x03, 0xf1, 0xef, 0x06, 0x08, 0x23, 0xf8, 0x7f, 0xf4, 0xf2, 0xeb, 0x3e, 0xff, 0xf3, 0xf5, 0x43,
    0xfb, 0xea, 0xbd, 0x28, 0xf2, 0xe9, 0xd3, 0x1a, 0x1c, 0x07, 0xd6, 0x32, 0x40, 0xf4, 0x02, 0x1c,
    0x3a, 0x08, 0x0f, 0x1c, 0x40, 0xd1, 0x11, 0x1d, 0x2d, 0xc9, 0xd6, 0x00, 0x01, 0xf9, 0xbc, 0xfa,
    0x1d, 0xf3, 0xfc, 0x14, 0xfc, 0x11, 0x04, 0x0c, 0xfc, 0xc2, 0x29, 0x1c, 0xe7, 0x9e, 0x15, 0xb1,
    0xce, 0xc1, 0xda, 0x81, 0xd7, 0xff, 0xc4, 0xfa, 0xee, 0x14, 0x25, 0x6f, 0xf5, 0x32, 0x58, 0x5a,
    0x03, 0x3d, 0x52, 0x50, 0x14, 0x33, 0x0c, 0xfe, 0x09, 0x2e, 0x0d, 0xdf, 0x05, 0x2a, 0xcc, 0x81,
    0xe3, 0x12, 0xbc, 0xa2, 0xdf, 0xfe, 0xf2, 0xcc, 0xd1, 0xba, 0x19, 0x0b, 0x03, 0xc6, 0x40, 0x5a,
    0xfe, 0xc9, 0x3a, 0x67, 0x18, 0xe5, 0x23, 0x45, 0x27, 0x08, 0x10, 0x25, 0x11, 0x35, 0x05, 0x2f,
    0x0b, 0x15, 0x06, 0x16, 0xdf, 0x29, 0x25, 0x16, 0xcf, 0x09, 0x41, 0x14, 0xc5, 0x02, 0x3d, 0x10,
    0xed, 0xe5, 0x28, 0x05, 0x11, 0xbf, 0xf7, 0xe2, 0x25, 0xc2, 0x94, 0xe1, 0x37, 0xfa, 0x81, 0xb1,
    0x30, 0xff, 0xba, 0xdc, 0xdc, 0x7f, 0xc7, 0xe1, 0xa0, 0x68, 0x19, 0xed, 0xde, 0x3a, 0x1d, 0xec,
    0x46, 0x03, 0x41, 0xa1, 0x7b, 0xd5, 0x21, 0xc3, 0x3e, 0xac, 0x12, 0xdd, 0x2e, 0xbe, 0xf0, 0x17,
    0x02, 0x11, 0xe1, 0x2c, 0xea, 0xf6, 0xed, 0x40, 0xd0, 0x06, 0x3c, 0x1c, 0x25, 0xfa, 0xf8, 0x6e,
    0xd8, 0x11, 0x04, 0x7f, 0xbf, 0x46, 0xe1, 0x14, 0xbb, 0x6b, 0xc7, 0xdf, 0xdc, 0x4b, 0xca, 0xc8,
    0x35, 0x22, 0xd4, 0xf1, 0x3d, 0xf4, 0x0e, 0xdb, 0x12, 0xae, 0x27, 0xca, 0x24, 0xa4, 0x36, 0x20,
    0x0b, 0x9f, 0x46, 0xf5, 0x0e, 0xec, 0xff, 0xff, 0x04, 0x00, 0x00, 0x00, 0x64, 0x00, 0x00, 0x00,
    0xdd, 0xff, 0xff, 0xff, 0xb8, 0x02, 0x00, 0x00, 0x26, 0x03, 0x00, 0x00, 0x0c, 0xfc, 0xff, 0xff,
    0xeb, 0x02, 0x00, 0x00, 0x31, 0x01, 0x00, 0x00, 0xba, 0xf9, 0xff, 0xff, 0x01, 0x00, 0x00, 0x00,
    0x97, 0x00, 0x00, 0x00, 0xeb, 0x01, 0x00, 0x00, 0xe6, 0x01, 0x00, 0x00, 0x53, 0x03, 0x00, 0x00,
    0x15, 0x00, 0x00, 0x00, 0xbf, 0x03, 0x00, 0x00, 0x33, 0xfe, 0xff, 0xff, 0x90, 0x01, 0x00, 0x00,
    0xf2, 0x02, 0x00, 0x00, 0x71, 0x01, 0x00, 0x00, 0x11, 0x00, 0x00, 0x00, 0xda, 0x02, 0x00, 0x00,
    0x7f, 0xfe, 0xff, 0xff, 0xc2, 0xff, 0xff, 0xff, 0xf7, 0xff, 0xff, 0xff, 0xd1, 0x02, 0x00, 0x00,
    0x99, 0xfe, 0xff, 0xff, 0x7e, 0xec, 0xff, 0xff, 0x04, 0x00, 0x00, 0x00, 0xe1, 0x00, 0x00, 0x00,
    0xd2, 0x14, 0x1d, 0xd1, 0x91, 0x56, 0x21, 0x55, 0x16, 0x39, 0x81, 0xc0, 0x04, 0xf2, 0xd0, 0xe6,
    0xfc, 0x02, 0xf7, 0xdc, 0xb7, 0xd9, 0x7f, 0x87, 0xbb, 0xdb, 0xf6, 0xfa, 0x05, 0x0e, 0xcd, 0x20,
    0x41, 0xd4, 0x01, 0x14, 0x3a, 0xc4, 0x1f, 0xe4, 0xef, 0xc7, 0x2c, 0x79, 0x07, 0xd9, 0x81, 0xbf,
    0x37, 0x03, 0x36, 0x10, 0x00, 0xeb, 0xf5, 0x42, 0x3e, 0x20, 0xf7, 0x7f, 0xfb, 0x7f, 0xcc, 0xeb,
    0x0c, 0xb4, 0x29, 0xaf, 0x7f, 0x10, 0x2b, 0x46, 0xb8, 0xd6, 0xcc, 0x8c, 0xf9, 0xc3, 0x4f, 0xf4,
    0x33, 0x1e, 0x40, 0x4e, 0xb3, 0xb4, 0x82, 0xa8, 0x8b, 0x2c, 0x7f, 0xe3, 0xc6, 0x24, 0x81, 0x4f,
    0x88, 0x4f, 0xb0, 0xe1, 0xea, 0xcb, 0xfe, 0x19, 0xf6, 0xd6, 0x7f, 0x13, 0xae, 0x01, 0x4d, 0x07,
    0xa7, 0x81, 0x44, 0x06, 0x37, 0x7f, 0xe4, 0xff, 0xeb, 0xe7, 0xfb, 0xd6, 0x0e, 0xed, 0x00, 0x15,
    0x81, 0xa9, 0x7f, 0x17, 0x43, 0x06, 0x60, 0x1c, 0x26, 0xeb, 0x64, 0x51, 0xba, 0xff, 0xeb, 0x1b,
    0x12, 0xd5, 0x36, 0xe4, 0x10, 0xf1, 0x81, 0xdd, 0x7f, 0x13, 0x81, 0x10, 0xf1, 0x0d, 0xeb, 0xbb,
    0xd8, 0x15, 0xd5, 0x38, 0x7f, 0x72, 0xbe, 0xf4, 0xa8, 0xcd, 0x5a, 0x0e, 0x05, 0x7f, 0x81, 0xf9,
    0x7f, 0xc6, 0xdd, 0x13, 0x2d, 0xbf, 0x81, 0x7f, 0xbf, 0x23, 0xc9, 0x7f, 0xc6, 0xc3, 0x0f, 0x7f,
    0xb2, 0x23, 0xfc, 0xbe, 0xfc, 0xc9, 0xe0, 0xd4, 0x20, 0xd1, 0xf7, 0xa2, 0xfa, 0xd6, 0xf4, 0x3c,
    0x31, 0x42, 0x5d, 0xdf, 0xec, 0xf4, 0x46, 0x37, 0xed, 0x19, 0xed, 0xfa, 0x81, 0x06, 0xe0, 0x18,
    0x53, 0x00, 0x00, 0x00, 0x6e, 0xed, 0xff, 0xff, 0x04, 0x00, 0x00, 0x00, 0x64, 0x00, 0x00, 0x00,
    0x4d, 0x06, 0x00, 0x00, 0xf8, 0xff, 0xff, 0xff, 0x07, 0x00, 0x00, 0x00, 0xe0, 0xff, 0xff, 0xff,
    0x90, 0x03, 0x00, 0x00, 0x11, 0xfe, 0xff, 0xff, 0x1d, 0xff, 0xff, 0xff, 0xa2, 0xff, 0xff, 0xff,
    0x5c, 0xff, 0xff, 0xff, 0x32, 0x00, 0x00, 0x00, 0xa6, 0x00, 0x00, 0x00, 0xb7, 0x02, 0x00, 0x00,
    0x9a, 0x02, 0x00, 0x00, 0x0e, 0x03, 0x00, 0x00, 0xff, 0xfe, 0xff, 0xff, 0x2a, 0x00, 0x00, 0x00,
    0xea, 0xff, 0xff, 0xff, 0xec, 0xff, 0xff, 0xff, 0x27, 0xff, 0xff, 0xff, 0xa6, 0x04, 0x00, 0x00,
    0xd3, 0x01, 0x00, 0x00, 0x2c, 0x05, 0x00, 0x00, 0xf5, 0x01, 0x00, 0x00, 0xd4, 0x01, 0x00, 0x00,
    0x65, 0x03, 0x00, 0x00, 0xde, 0xed, 0xff, 0xff, 0x04, 0x00, 0x00, 0x00, 0x58, 0x02, 0x00, 0x00,
    0x36, 0xcd, 0x29, 0x02, 0xdb, 0x3e, 0x9b, 0x94, 0xe9, 0xe0, 0xfb, 0xc4, 0xd6, 0x20, 0x22, 0x47,
    0x2c, 0xf2, 0xfc, 0xec, 0xfb, 0x07, 0xf1, 0x81, 0x4b, 0xc8, 0x11, 0x23, 0xac, 0xc6, 0xed, 0x14,
    0xe5, 0xdf, 0x12, 0xd6, 0x30, 0x48, 0x08, 0x51, 0x81, 0x08, 0x33, 0x00, 0xf4, 0x2f, 0x9c, 0x10,
    0x09, 0x67, 0x25, 0xfe, 0xc8, 0x14, 0xed, 0x07, 0xff, 0x0f, 0x1d, 0x00, 0xdb, 0x29, 0xee, 0xe1,
    0x17, 0x0e, 0x13, 0xbf, 0xb2, 0xf2, 0x81, 0xfc, 0xb8, 0x03, 0x01, 0xd0, 0xf5, 0xeb, 0xbe, 0x99,
    0x24, 0xdc, 0x9e, 0x14, 0xff, 0xe2, 0x11, 0xef, 0xd8, 0x99, 0xfe, 0x04, 0xe0, 0xf7, 0xf1, 0xe9,
    0x7f, 0x58, 0x28, 0xae, 0xd6, 0x81, 0x2b, 0xdc, 0x31, 0x35, 0x02, 0x2c, 0x67, 0xe5, 0x11, 0x1a,
    0x18, 0x04, 0x99, 0x66, 0xf4, 0x29, 0x3d, 0x31, 0xfa, 0xee, 0x0c, 0xe3, 0x98, 0xe3, 0xc5, 0xfa,
    0x93, 0xfd, 0xe3, 0x81, 0x2d, 0xca, 0x20, 0x26, 0xcf, 0xe9, 0x6f, 0x34, 0x69, 0xf0, 0x26, 0xe7,
    0xee, 0x1c, 0xdc, 0xa5, 0xe4, 0x35, 0xd2, 0xd4, 0xcc, 0x3c, 0xe0, 0xca, 0x06, 0x1e, 0x01, 0xb6,
    0xfa, 0xc7, 0xdc, 0x81, 0x35, 0x4b, 0x52, 0xba, 0xd8, 0xf4, 0x0c, 0x82, 0x46, 0x3e, 0x38, 0xf1,
    0xfc, 0xfc, 0xb7, 0xe6, 0x27, 0x33, 0x39, 0xc4, 0xde, 0x13, 0xb1, 0xdd, 0x7f, 0xd1, 0x21, 0xd1,
    0x05, 0xfd, 0x09, 0x58, 0xc4, 0xac, 0xcb, 0xc7, 0x17, 0x8e, 0x3a, 0x9f, 0x91, 0xca, 0x97, 0xcc,
    0xcf, 0xaa, 0x22, 0xb4, 0xe7, 0xd8, 0xe3, 0x20, 0xe9, 0x7f, 0x1a, 0x13, 0x9d, 0x6e, 0x41, 0x35,
    0x44, 0x7f, 0x24, 0xe0, 0x09, 0x02, 0x1b, 0xf3, 0x11, 0x01, 0x09, 0x19, 0x10, 0xdc, 0xef, 0x02,
    0xd5, 0x1f, 0xd5, 0x04, 0x28, 0x14, 0xd8, 0xa6, 0xf2, 0xd0, 0xd2, 0xb3, 0xf9, 0x28, 0xfc, 0x64,
    0x0e, 0x42, 0xa3, 0xf9, 0x15, 0x2d, 0x2f, 0xd3, 0xe8, 0x81, 0xc5, 0x4f, 0xf1, 0xbd, 0x15, 0xe2,
    0x38, 0xf0, 0xcc, 0x01, 0x2a, 0x1d, 0xca, 0xd7, 0xce, 0xdb, 0xe5, 0x08, 0x1d, 0x2d, 0x34, 0xcc,
    0xf6, 0x09, 0x7f, 0x29, 0xee, 0xc5, 0x74, 0xd4, 0x4a, 0xb5, 0x15, 0xdc, 0x59, 0xf0, 0xef, 0x10,
    0xc9, 0xf6, 0x86, 0x18, 0xba, 0xd9, 0x81, 0xd9, 0xf9, 0xcf, 0xba, 0xec, 0xd8, 0xea, 0xf3, 0xc8,
    0xe8, 0x6c, 0x67, 0x0c, 0xe0, 0xfa, 0xc3, 0xfa, 0x5d, 0x1e, 0xab, 0xe3, 0x20, 0x9f, 0xf0, 0xdc,
    0xcb, 0xc7, 0xda, 0x4a, 0x1c, 0xba, 0xf2, 0xd4, 0xdb, 0x5d, 0x26, 0x81, 0x30, 0x22, 0xe2, 0x04,
    0xdb, 0xec, 0xf4, 0x61, 0x81, 0x13, 0xe8, 0x1c, 0xc6, 0x46, 0x15, 0xda, 0xa7, 0xcf, 0x1b, 0x0d,
    0x07, 0xcf, 0x09, 0xef, 0x16, 0xd1, 0x23, 0x13, 0x75, 0x97, 0xe7, 0x94, 0x4b, 0x0e, 0x1f, 0x22,
    0xf7, 0xeb, 0x4c, 0x20, 0x29, 0x16, 0x2f, 0x7e, 0x81, 0x0b, 0x38, 0xbd, 0x2c, 0x5c, 0x8d, 0xbe,
    0x4d, 0xff, 0x2b, 0x22, 0x11, 0xbb, 0xd1, 0xe9, 0x1d, 0xfc, 0x81, 0x31, 0x0e, 0x09, 0x8b, 0x30,
    0xf7, 0x1e, 0x29, 0x44, 0xec, 0x41, 0xe7, 0x45, 0xd4, 0xeb, 0x2f, 0xdb, 0xd7, 0x0e, 0xb8, 0x9c,
    0x0f, 0x44, 0xe8, 0x81, 0xe7, 0x2b, 0xd8, 0xb4, 0x1a, 0x64, 0x58, 0x0f, 0x40, 0xc7, 0x10, 0x93,
    0x1d, 0x0a, 0x06, 0x25, 0x81, 0xfc, 0xcd, 0x27, 0xac, 0x13, 0xd5, 0xeb, 0x2f, 0x3f, 0x1d, 0x24,
    0xb8, 0xe6, 0xf2, 0x22, 0x07, 0x19, 0xf3, 0x08, 0xa7, 0x0c, 0xc3, 0x64, 0x2e, 0x87, 0xf6, 0xd4,
    0x23, 0x9e, 0x34, 0x0a, 0x4c, 0x06, 0x12, 0xa3, 0x02, 0x08, 0x2d, 0xb5, 0x4f, 0x0b, 0xe7, 0xea,
    0x18, 0x81, 0xaf, 0x15, 0x3f, 0xfd, 0x0a, 0xd9, 0xa0, 0x2c, 0xb9, 0xe7, 0xe7, 0x6a, 0xec, 0x7c,
    0x21, 0x16, 0xe1, 0x95, 0xe7, 0xf7, 0xbd, 0xf3, 0x00, 0xf2, 0x16, 0xc6, 0x81, 0x81, 0x57, 0xf3,
    0xeb, 0xe6, 0x3f, 0x0a, 0x12, 0xa4, 0x68, 0x22, 0xe2, 0x9e, 0xf0, 0x09, 0xdd, 0x00, 0xa2, 0x12,
    0x45, 0x56, 0xd5, 0x28, 0x0b, 0x33, 0xd5, 0x2c, 0x7f, 0xde, 0x4e, 0x1f, 0xa9, 0x0e, 0x00, 0xe4,
    0xe6, 0x11, 0xcf, 0xc2, 0x1d, 0xad, 0x0c, 0xf2, 0xef, 0xc9, 0xe6, 0xfe, 0x27, 0x3e, 0xbf, 0x13,
    0x84, 0xfa, 0xb0, 0xc9, 0x18, 0x81, 0x1c, 0xd2, 0xfd, 0xc3, 0x3e, 0xb2, 0xb9, 0x39, 0xe3, 0xad,
    0x0a, 0xb6, 0x3e, 0xbf, 0xa1, 0xfc, 0x68, 0xaa, 0x42, 0xf0, 0xff, 0xff, 0x04, 0x00, 0x00, 0x00,
    0x60, 0x00, 0x00, 0x00, 0x06, 0x03, 0x00, 0x00, 0xdd, 0x01, 0x00, 0x00, 0x54, 0x04, 0x00, 0x00,
    0x1b, 0x0b, 0x00, 0x00, 0xcc, 0x00, 0x00, 0x00, 0x40, 0x06, 0x00, 0x00, 0x7b, 0x05, 0x00, 0x00,
    0x76, 0x08, 0x00, 0x00, 0x2d, 0x06, 0x00, 0x00, 0xc0, 0xfe, 0xff, 0xff, 0xac, 0x05, 0x00, 0x00,
    0x97, 0xfc, 0xff, 0xff, 0x19, 0x07, 0x00, 0x00, 0x6f, 0x06, 0x00, 0x00, 0xdd, 0x05, 0x00, 0x00,
    0x67, 0xfd, 0xff, 0xff, 0x86, 0xfc, 0xff, 0xff, 0xb9, 0x03, 0x00, 0x00, 0xcc, 0x05, 0x00, 0x00,
    0xb9, 0x05, 0x00, 0x00, 0x47, 0x09, 0x00, 0x00, 0xb8, 0x01, 0x00, 0x00, 0x09, 0x06, 0x00, 0x00,
    0x39, 0x0f, 0x00, 0x00, 0xae, 0xf0, 0xff, 0xff, 0x04, 0x00, 0x00, 0x00, 0xd8, 0x00, 0x00, 0x00,
    0x4a, 0x84, 0x71, 0x39, 0x81, 0xde, 0xe4, 0x96, 0xf4, 0x7f, 0x35, 0x7f, 0x0c, 0x02, 0xf5, 0xe8,
    0x2d, 0xbf, 0x5d, 0x62, 0x4d, 0xcc, 0x10, 0x7f, 0x2e, 0x71, 0x1f, 0x0c, 0xdb, 0xd3, 0x84, 0x81,
    0x0d, 0x36, 0x52, 0x07, 0x33, 0x32, 0x81, 0x5d, 0x35, 0xb0, 0x0e, 0x23, 0x81, 0x58, 0x81, 0x8e,
    0x18, 0xb7, 0x04, 0xbc, 0x29, 0x00, 0xb8, 0x5c, 0x3b, 0x2c, 0x49, 0xed, 0xc5, 0x25, 0x7a, 0x2f,
    0xdb, 0xda, 0x81, 0x2c, 0x10, 0xd9, 0xfb, 0x71, 0x78, 0xb2, 0x7f, 0x7f, 0xac, 0xcd, 0xc4, 0xd5,
    0x4e, 0x24, 0x0c, 0x13, 0x15, 0xd8, 0xf8, 0xcd, 0xe1, 0xa0, 0x53, 0x7f, 0xff, 0xb1, 0x17, 0x6e,
    0xd3, 0x92, 0x5c, 0x04, 0xd5, 0x38, 0x81, 0x06, 0x4d, 0x28, 0x62, 0x01, 0x31, 0x15, 0xce, 0x7f,
    0x1b, 0xdc, 0x39, 0x34, 0xf1, 0x2f, 0xdb, 0x9b, 0xb3, 0xd5, 0xdc, 0x8f, 0x6d, 0x03, 0xe9, 0x47,
    0x30, 0x29, 0xb9, 0xf9, 0xaf, 0xe7, 0x2c, 0xfc, 0xe2, 0xe3, 0x9d, 0x10, 0x1c, 0xec, 0x06, 0x4c,
    0x7f, 0x86, 0x1e, 0x3b, 0xfb, 0x41, 0x0c, 0xea, 0x7f, 0xfd, 0x81, 0xe8, 0x01, 0xb2, 0x48, 0xba,
    0x93, 0xee, 0x2f, 0x2f, 0xdc, 0xe5, 0xc4, 0x5c, 0x87, 0x81, 0x10, 0x20, 0xd8, 0x7f, 0xb3, 0x30,
    0x6a, 0x4d, 0x62, 0xf0, 0x44, 0x0e, 0xf8, 0x0a, 0xe3, 0x81, 0x4d, 0x3c, 0x35, 0x4a, 0x86, 0x0f,
    0x5b, 0x96, 0x07, 0x1f, 0x10, 0x8b, 0xf2, 0xba, 0xf5, 0x23, 0xd6, 0x2f, 0x81, 0x81, 0xda, 0xfc,
    0x81, 0xa8, 0x0f, 0x48, 0x4c, 0x81, 0x9c, 0xeb, 0x92, 0xf1, 0xff, 0xff, 0x04, 0x00, 0x00, 0x00,
    0x60, 0x00, 0x00, 0x00, 0x20, 0xfd, 0xff, 0xff, 0xb1, 0x0b, 0x00, 0x00, 0xd6, 0xfa, 0xff, 0xff,
    0xe8, 0xfe, 0xff, 0xff, 0xcb, 0x04, 0x00, 0x00, 0xec, 0xfe, 0xff, 0xff, 0x62, 0x0f, 0x00, 0x00,
    0xd2, 0x04, 0x00, 0x00, 0xfc, 0xf7, 0xff, 0xff, 0xfa, 0xfc, 0xff, 0xff, 0x12, 0xff, 0xff, 0xff,
    0xf7, 0xfe, 0xff, 0xff, 0xba, 0x02, 0x00, 0x00, 0x1c, 0x03, 0x00, 0x00, 0xc8, 0xff, 0xff, 0xff,
    0xc3, 0xfe, 0xff, 0xff, 0xd2, 0x03, 0x00, 0x00, 0x06, 0x09, 0x00, 0x00, 0x95, 0xfc, 0xff, 0xff,
    0xc6, 0xf5, 0xff, 0xff, 0xfb, 0xfe, 0xff, 0xff, 0x25, 0x02, 0x00, 0x00, 0x1c, 0x0b, 0x00, 0x00,
    0x3d, 0xfc, 0xff, 0xff, 0xfe, 0xf1, 0xff, 0xff, 0x04, 0x00, 0x00, 0x00, 0x70, 0x02, 0x00, 0x00,
    0xcc, 0xe4, 0x30, 0xae, 0x00, 0xb6, 0xb6, 0x06, 0x31, 0x81, 0x37, 0xf5, 0xec, 0x46, 0x69, 0x6c,
    0x4a, 0x85, 0x31, 0x42, 0x2c, 0xa6, 0xe4, 0x4a, 0xac, 0x00, 0xd1, 0x27, 0xe0, 0xd1, 0xf3, 0x5a,
    0xdf, 0xd7, 0xfa, 0x6d, 0x02, 0xe7, 0xaa, 0xa4, 0xda, 0x09, 0xc9, 0xc8, 0x2f, 0xc0, 0x61, 0x81,
    0xe4, 0x06, 0x3c, 0xf5, 0x46, 0xff, 0xdb, 0xfd, 0x11, 0xbe, 0x1a, 0x55, 0xcd, 0x7f, 0x6c, 0xc7,
    0x0b, 0x27, 0x1f, 0xe0, 0x31, 0x3e, 0xde, 0x0e, 0xff, 0x16, 0x1c, 0x7f, 0x54, 0xfb, 0xc9, 0xbe,
    0xeb, 0xd3, 0xae, 0x4f, 0xff, 0x12, 0x12, 0xe0, 0xea, 0x48, 0xf0, 0xf9, 0x21, 0x88, 0x3b, 0x95,
    0xc4, 0x1a, 0xf2, 0x70, 0xc5, 0x7f, 0x74, 0x0e, 0xc2, 0x0d, 0xe6, 0x3d, 0x95, 0xf1, 0xea, 0xe1,
    0xeb, 0x02, 0xb4, 0x09, 0x0f, 0xf6, 0xbb, 0x28, 0xfe, 0x27, 0x16, 0x18, 0xf3, 0x4f, 0x3d, 0xdb,
    0xe7, 0x81, 0xc8, 0x3b, 0x1a, 0xf3, 0xf2, 0xb8, 0xeb, 0x09, 0x04, 0xc6, 0xf2, 0x31, 0xfc, 0x2e,
    0x01, 0xc6, 0x81, 0x03, 0xef, 0x21, 0x06, 0xff, 0x43, 0x87, 0xd6, 0x3a, 0xe7, 0x0a, 0x5a, 0x2f,
    0x12, 0x8e, 0x2c, 0x19, 0xfb, 0xf0, 0xc7, 0xd9, 0xe7, 0x68, 0x10, 0x26, 0xfe, 0x06, 0x1b, 0x2a,
    0xe0, 0x13, 0x81, 0xe8, 0x12, 0xa7, 0xf0, 0x28, 0x17, 0x34, 0x02, 0xe6, 0xf0, 0x47, 0x20, 0xa4,
    0xfe, 0x0e, 0x65, 0xff, 0xe0, 0x75, 0xcc, 0xf8, 0xa9, 0xf5, 0xfe, 0x07, 0x34, 0xec, 0x16, 0xef,
    0x50, 0xe3, 0x39, 0x2d, 0x04, 0xd7, 0x81, 0x2f, 0xee, 0x33, 0x1a, 0x08, 0x99, 0xe8, 0x29, 0x14,
    0x0b, 0x3a, 0xe7, 0x31, 0xe9, 0xc9, 0xfa, 0x30, 0xe4, 0x33, 0x3b, 0xd4, 0x20, 0xd9, 0x81, 0x16,
    0x56, 0x0b, 0xf4, 0x19, 0x81, 0x12, 0xa5, 0x11, 0xd5, 0xe8, 0xb7, 0x84, 0x8c, 0x73, 0x25, 0xc5,
    0x15, 0x41, 0x4b, 0xb8, 0x0b, 0x4c, 0x73, 0x90, 0x28, 0x0e, 0x25, 0x08, 0x48, 0xf6, 0x27, 0x34,
    0x02, 0x22, 0x0a, 0x9f, 0xee, 0x12, 0x12, 0x9c, 0x30, 0x11, 0x39, 0x15, 0xe5, 0x81, 0xf6, 0x07,
    0xae, 0xc1, 0xc5, 0x1b, 0xe3, 0x26, 0xd8, 0xd8, 0xae, 0x81, 0xb1, 0x00, 0x3c, 0xdd, 0xfc, 0xc2,
    0xfc, 0xbf, 0x34, 0x01, 0xa1, 0x19, 0x05, 0x4b, 0xf6, 0xdb, 0xfd, 0x44, 0x08, 0xec, 0x62, 0x77,
    0xd6, 0xf6, 0x1d, 0x39, 0x31, 0xa0, 0xee, 0x3e, 0x09, 0x09, 0xd3, 0xfb, 0x81, 0x48, 0xf1, 0x0b,
    0x3a, 0xd3, 0xb5, 0xd7, 0x01, 0x3d, 0xc9, 0xc3, 0x0e, 0xbc, 0x19, 0x3d, 0x0f, 0xa0, 0x2a, 0x25,
    0x0b, 0x7f, 0x0e, 0xc5, 0xdc, 0x3b, 0xfd, 0xfc, 0x05, 0xde, 0xf0, 0x81, 0xe7, 0x34, 0xb4, 0xbe,
    0xdb, 0xf3, 0x55, 0x12, 0xe0, 0x60, 0xe0, 0xd1, 0x86, 0xc0, 0xc2, 0x74, 0x40, 0xc7, 0xfa, 0x0e,
    0x0c, 0xf2, 0x0a, 0xbb, 0xee, 0xc4, 0x15, 0xf4, 0x13, 0xf1, 0x04, 0x81, 0x0c, 0xda, 0xfb, 0x28,
    0xf5, 0x32, 0xd8, 0xf3, 0x37, 0xff, 0x1a, 0xe7, 0x7b, 0xa7, 0x35, 0x3d, 0xc9, 0xbb, 0xf4, 0x26,
    0xac, 0x42, 0x8a, 0x22, 0x1e, 0x7f, 0xbe, 0x1c, 0xde, 0x87, 0x02, 0xe5, 0x38, 0x8f, 0x14, 0xf4,
    0x3d, 0xd8, 0xec, 0xa1, 0xbd, 0x2d, 0xa4, 0x35, 0xa0, 0x01, 0x0a, 0xeb, 0x81, 0x11, 0x26, 0x68,
    0x1a, 0xae, 0x31, 0xdc, 0x02, 0x5b, 0xe2, 0xbf, 0xba, 0x67, 0x2d, 0xc3, 0xf2, 0x1f, 0x7f, 0xe5,
    0x84, 0x27, 0x28, 0xe9, 0xa6, 0x2f, 0x02, 0x2d, 0xcd, 0x02, 0xe9, 0x52, 0x19, 0xf6, 0x0c, 0x35,
    0x2d, 0x06, 0x32, 0xe8, 0x24, 0xfd, 0xbe, 0x43, 0xfb, 0xda, 0xbe, 0xf8, 0x36, 0xe9, 0x7f, 0x2e,
    0x1c, 0x3e, 0xae, 0x53, 0xe7, 0x31, 0xb2, 0x25, 0xfd, 0x53, 0xc0, 0x2c, 0x1f, 0xfb, 0xf1, 0x6a,
    0x3a, 0x7f, 0x31, 0xa0, 0x06, 0x12, 0x75, 0x29, 0x40, 0x20, 0x20, 0xf5, 0x3d, 0xf9, 0xd0, 0x1b,
    0x43, 0xea, 0xf2, 0xdd, 0x7f, 0x11, 0xef, 0x73, 0x69, 0xaf, 0x43, 0x65, 0x29, 0x88, 0x2b, 0x2c,
    0xd6, 0x01, 0x02, 0x6b, 0xe5, 0x3f, 0xb0, 0x66, 0x48, 0xf0, 0x0c, 0x7f, 0x4f, 0x23, 0x48, 0xc2,
    0x0b, 0xdb, 0x0b, 0x09, 0x3e, 0x22, 0x58, 0x0b, 0xad, 0x25, 0xf9, 0x1b, 0x1b, 0xdf, 0x26, 0xe9,
    0x20, 0x1b, 0x1a, 0x22, 0x7c, 0xf7, 0x1c, 0x1e, 0x76, 0x7f, 0xb8, 0x55, 0x65, 0x3a, 0x85, 0x1f,
    0xfe, 0xf3, 0x25, 0xde, 0xf0, 0x2d, 0xce, 0xc4, 0xff, 0x2f, 0xfb, 0xf2, 0x4b, 0x2e, 0x03, 0x28,
    0x3f, 0x1a, 0x43, 0xf3, 0xe7, 0x7f, 0x10, 0x15, 0x2f, 0xfc, 0x39, 0x21, 0xba, 0xf5, 0x34, 0x10,
    0x7a, 0xf4, 0xff, 0xff, 0x04, 0x00, 0x00, 0x00, 0x68, 0x00, 0x00, 0x00, 0x33, 0x01, 0x00, 0x00,
    0x7c, 0x05, 0x00, 0x00, 0xb9, 0xf8, 0xff, 0xff, 0x11, 0x02, 0x00, 0x00, 0xfe, 0xfc, 0xff, 0xff,
    0xbc, 0xfe, 0xff, 0xff, 0xb8, 0x05, 0x00, 0x00, 0x4b, 0xff, 0xff, 0xff, 0x88, 0x03, 0x00, 0x00,
    0xff, 0x01, 0x00, 0x00, 0xdd, 0x04, 0x00, 0x00, 0x91, 0xfd, 0xff, 0xff, 0xc4, 0x0f, 0x00, 0x00,
    0x23, 0xfd, 0xff, 0xff, 0xe4, 0x00, 0x00, 0x00, 0x84, 0x0c, 0x00, 0x00, 0x91, 0x03, 0x00, 0x00,
    0x7e, 0x03, 0x00, 0x00, 0x79, 0x0c, 0x00, 0x00, 0x00, 0xfa, 0xff, 0xff, 0x4b, 0xfc, 0xff, 0xff,
    0xd2, 0xed, 0xff, 0xff, 0x51, 0xf5, 0xff, 0xff, 0x77, 0xf2, 0xff, 0xff, 0x00, 0xf1, 0xff, 0xff,
    0x08, 0xee, 0xff, 0xff, 0xee, 0xf4, 0xff, 0xff, 0x04, 0x00, 0x00, 0x00, 0xea, 0x00, 0x00, 0x00,
    0xe5, 0xe4, 0xcd, 0xbc, 0x6a, 0xe7, 0x6b, 0x81, 0x23, 0xce, 0x22, 0x4b, 0x3b, 0xa1, 0x16, 0xff,
    0xbd, 0x7f, 0x7f, 0x3a, 0x7f, 0xbd, 0xee, 0x4d, 0xde, 0x19, 0xc5, 0x18, 0xeb, 0x46, 0x7f, 0x23,
    0x3c, 0xd4, 0x93, 0x03, 0xf4, 0x25, 0x53, 0x8a, 0xc6, 0xa3, 0xbf, 0x38, 0x64, 0x38, 0x03, 0x8b,
    0xb0, 0xd0, 0x81, 0xfa, 0x39, 0x82, 0xb1, 0x36, 0x5b, 0x81, 0x7b, 0xb9, 0x54, 0xd5, 0x8b, 0x7f,
    0x81, 0xea, 0xe7, 0x9e, 0xc0, 0x11, 0xb7, 0x30, 0xc3, 0xc9, 0xcf, 0x5b, 0xe3, 0x2c, 0x15, 0xad,
    0xe1, 0xa0, 0x34, 0xe7, 0x1d, 0xac, 0x2c, 0xd0, 0xd6, 0x63, 0x35, 0xe3, 0x63, 0xa8, 0x81, 0x3c,
    0x2c, 0x0d, 0x21, 0xc5, 0xed, 0x3e, 0xf4, 0x42, 0xba, 0xe5, 0x08, 0x42, 0x1e, 0x3c, 0x2f, 0xf3,
    0x9f, 0x0e, 0x99, 0x26, 0xf1, 0x2c, 0x24, 0x88, 0xb9, 0x6a, 0x0f, 0xf9, 0x1a, 0xf5, 0xbc, 0xc0,
    0xc3, 0xfa, 0x0c, 0x81, 0xb1, 0xce, 0x6c, 0xaa, 0xbf, 0xcd, 0x2f, 0xb7, 0xa1, 0x26, 0xb9, 0x64,
    0xd5, 0xd7, 0xb8, 0x12, 0xc4, 0x1d, 0xda, 0x45, 0xf9, 0x17, 0x11, 0x11, 0x7f, 0x0a, 0xb6, 0x08,
    0x33, 0xc5, 0x00, 0xa1, 0x7f, 0xca, 0x81, 0x6f, 0x20, 0xe4, 0x59, 0x81, 0xb1, 0x05, 0x32, 0x7f,
    0xe5, 0xcc, 0x83, 0x7f, 0xcc, 0x6e, 0xd9, 0xe1, 0x0e, 0x7f, 0x30, 0x59, 0x7f, 0x46, 0xce, 0x12,
    0x8f, 0x35, 0xbb, 0x7f, 0x7f, 0x02, 0xd8, 0x42, 0x0b, 0xf8, 0xd2, 0xba, 0x81, 0x82, 0x1e, 0x7f,
    0x48, 0xec, 0x81, 0x83, 0xc0, 0xda, 0xb6, 0x82, 0xfa, 0x81, 0xc0, 0xcf, 0x13, 0x65, 0x10, 0xdb,
    0xbb, 0x34, 0x00, 0x62, 0xaf, 0x7f, 0xdd, 0x11, 0x32, 0x4c, 0x00, 0x00, 0xe6, 0xf5, 0xff, 0xff,
    0x04, 0x00, 0x00, 0x00, 0x68, 0x00, 0x00, 0x00, 0x1d, 0xfb, 0xff, 0xff, 0x1b, 0x10, 0x00, 0x00,
    0x14, 0x13, 0x00, 0x00, 0x97, 0xfb, 0xff, 0xff, 0xaf, 0xf5, 0xff, 0xff, 0x47, 0x01, 0x00, 0x00,
    0xcb, 0xf8, 0xff, 0xff, 0xaf, 0x11, 0x00, 0x00, 0xb4, 0xfb, 0xff, 0xff, 0x31, 0x15, 0x00, 0x00,
    0x0f, 0x19, 0x00, 0x00, 0x96, 0xf2, 0xff, 0xff, 0x23, 0x03, 0x00, 0x00, 0xb0, 0xf8, 0xff, 0xff,
    0x90, 0xf9, 0xff, 0xff, 0x20, 0x1d, 0x00, 0x00, 0x9d, 0x15, 0x00, 0x00, 0x9b, 0xf1, 0xff, 0xff,
    0xd2, 0xf3, 0xff, 0xff, 0x63, 0xf2, 0xff, 0xff, 0xb5, 0xff, 0xff, 0xff, 0x23, 0x08, 0x00, 0x00,
    0x9f, 0x12, 0x00, 0x00, 0x5d, 0xfc, 0xff, 0xff, 0x0a, 0x07, 0x00, 0x00, 0x1a, 0xfa, 0xff, 0xff,
    0x5a, 0xf6, 0xff, 0xff, 0x04, 0x00, 0x00, 0x00, 0xd8, 0x02, 0x00, 0x00, 0x0a, 0x07, 0x2c, 0x31,
    0x34, 0xd6, 0x16, 0xea, 0x19, 0x81, 0x2c, 0xcf, 0x37, 0x58, 0xa8, 0x0a, 0xdb, 0x05, 0xc2, 0x11,
    0x05, 0xfa, 0x3e, 0x5a, 0x92, 0x00, 0xd0, 0x00, 0xc6, 0x39, 0xf0, 0x13, 0xf6, 0x2e, 0x37, 0xe8,
    0x36, 0xd1, 0x1c, 0xb8, 0xb6, 0xb7, 0xe2, 0xf6, 0x05, 0x1e, 0xe7, 0xdd, 0x81, 0xee, 0xb2, 0xe1,
    0x37, 0x00, 0xb5, 0xde, 0x33, 0xe3, 0x2e, 0xf6, 0x21, 0xf8, 0xfd, 0xe8, 0x47, 0x12, 0xdb, 0x90,
    0x23, 0x7f, 0xf1, 0xeb, 0xf2, 0x18, 0x9d, 0xdc, 0xe2, 0x05, 0xdd, 0x0e, 0x81, 0x33, 0x0f, 0xf5,
    0x0c, 0xef, 0xfe, 0xab, 0x01, 0xd0, 0x53, 0x4b, 0xb4, 0x06, 0xc5, 0x0d, 0x0c, 0xca, 0x17, 0xa8,
    0x18, 0x58, 0x17, 0xbc, 0x24, 0xf5, 0xe1, 0xd5, 0xe5, 0xfc, 0x07, 0x1f, 0x51, 0xb4, 0x17, 0xf9,
    0x56, 0x17, 0xf8, 0x2b, 0x1c, 0x1d, 0x1e, 0xdb, 0xe8, 0x27, 0x81, 0x06, 0x99, 0xa4, 0xd6, 0x85,
    0x22, 0x37, 0xfb, 0x81, 0xe9, 0xa8, 0x69, 0x32, 0xe5, 0x37, 0xe7, 0xdd, 0x18, 0xbb, 0xf0, 0xee,
    0xec, 0x70, 0xfb, 0x17, 0xf4, 0xd4, 0xfe, 0x4c, 0xf8, 0xe6, 0xf7, 0xb5, 0x73, 0x20, 0x66, 0x0b,
    0xed, 0x32, 0x70, 0x1c, 0x57, 0x7f, 0xe0, 0xd1, 0x30, 0x4c, 0x84, 0xd7, 0x35, 0xef, 0x11, 0xea,
    0xd0, 0x92, 0x29, 0xdc, 0x18, 0xef, 0xf8, 0x7f, 0x1c, 0xdc, 0xf2, 0xbd, 0x4c, 0xd4, 0xd2, 0xa3,
    0xd8, 0xe6, 0xf6, 0xcc, 0x62, 0x73, 0x02, 0x1a, 0xdc, 0xed, 0xfa, 0xe0, 0xd1, 0x23, 0xe8, 0x93,
    0x10, 0x5d, 0x0e, 0x1d, 0x0a, 0xe6, 0x3c, 0xe4, 0x05, 0x45, 0xab, 0xd3, 0xf2, 0xd3, 0x3f, 0xd5,
    0x31, 0x85, 0x20, 0x3b, 0xf3, 0x81, 0xfc, 0x63, 0xde, 0xb9, 0x67, 0x45, 0x02, 0xe3, 0x55, 0xb8,
    0x9e, 0xbf, 0xde, 0x1b, 0xf8, 0x1c, 0x3d, 0xe2, 0x37, 0xa4, 0x9c, 0x01, 0x98, 0xad, 0x81, 0xcc,
    0x1a, 0x0c, 0x18, 0xcc, 0x2f, 0x12, 0xf9, 0x88, 0x3b, 0xf2, 0xec, 0xfa, 0xfc, 0x1e, 0xf9, 0x81,
    0xf9, 0x19, 0x04, 0x55, 0xc5, 0xea, 0x12, 0x18, 0x4e, 0xfb, 0x89, 0xa7, 0x3e, 0x3e, 0x39, 0x26,
    0xb2, 0x7f, 0xed, 0xfb, 0x32, 0xde, 0xce, 0x26, 0x93, 0xbe, 0x27, 0xe6, 0xcd, 0x0f, 0xce, 0x04,
    0xc2, 0x14, 0xd5, 0xb3, 0x44, 0xb7, 0x9e, 0xfe, 0xd9, 0x3e, 0xdd, 0x27, 0x2e, 0x08, 0xb8, 0x15,
    0xfe, 0x18, 0x81, 0x52, 0x47, 0x2b, 0xbc, 0xfd, 0x1b, 0x46, 0x1d, 0xef, 0xeb, 0xd2, 0x22, 0xe0,
    0x8e, 0xf4, 0xef, 0x7f, 0x29, 0xdf, 0x0e, 0x12, 0xf7, 0xd1, 0xdc, 0xc1, 0xd8, 0x22, 0x0b, 0xdd,
    0x1d, 0x2d, 0xd2, 0xeb, 0xf9, 0x20, 0x00, 0xfd, 0x00, 0x81, 0xf0, 0x97, 0x4b, 0x0f, 0x1e, 0xaf,
    0x1a, 0x51, 0xec, 0xe7, 0xdc, 0x23, 0xd4, 0xc8, 0x9a, 0x40, 0xd6, 0xe2, 0x54, 0xe8, 0x43, 0xf5,
    0x2c, 0x58, 0x42, 0xed, 0xd8, 0xf6, 0xeb, 0xe8, 0x92, 0x38, 0xd2, 0x3b, 0x48, 0xf3, 0x1d, 0x0a,
    0x6b, 0x81, 0xde, 0xd8, 0xf9, 0x17, 0x34, 0xb5, 0xf4, 0x8a, 0xff, 0xe5, 0xf2, 0xfd, 0xe2, 0x13,
    0x28, 0x9f, 0xc4, 0x33, 0xd8, 0x81, 0x47, 0xe6, 0x32, 0xf9, 0xe1, 0x34, 0xfb, 0x14, 0xe2, 0xfe,
    0x10, 0xde, 0x03, 0x3f, 0x1e, 0xbe, 0xdf, 0xae, 0x1d, 0xd9, 0x2d, 0xb2, 0xed, 0x14, 0xf0, 0x7f,
    0x1a, 0xe9, 0x16, 0xf7, 0x93, 0xae, 0xdb, 0x4d, 0x16, 0xd2, 0x12, 0xfd, 0x41, 0xbd, 0xcd, 0xe8,
    0xeb, 0x33, 0x2b, 0x28, 0x17, 0x81, 0x69, 0xa1, 0x39, 0xb2, 0xa8, 0x2c, 0xfb, 0x31, 0x13, 0x28,
    0x2e, 0x20, 0xad, 0xe8, 0xe3, 0xaf, 0xcc, 0xd2, 0xff, 0xd5, 0x7d, 0x2b, 0xff, 0x35, 0x91, 0x61,
    0x2e, 0x0d, 0x4e, 0xee, 0x02, 0x55, 0x7f, 0xe7, 0xfd, 0xce, 0x31, 0x1d, 0x97, 0x4d, 0xf9, 0x08,
    0xa6, 0xfc, 0x7b, 0x3a, 0x2f, 0x96, 0x04, 0x09, 0xe1, 0x1a, 0x22, 0xcc, 0xef, 0xf1, 0xe9, 0xfc,
    0x13, 0xfd, 0x10, 0x13, 0xed, 0xe7, 0xd8, 0x81, 0xff, 0x21, 0x3e, 0x0b, 0xfe, 0x10, 0xb1, 0x01,
    0x32, 0x01, 0xfe, 0x11, 0x17, 0xea, 0x0e, 0xfd, 0xd5, 0xe9, 0x86, 0x81, 0xef, 0x0d, 0xaf, 0x2a,
    0xfa, 0xd7, 0xb1, 0x12, 0x13, 0xfa, 0x2c, 0xff, 0x40, 0x15, 0xda, 0x94, 0x09, 0x49, 0xf9, 0x0a,
    0x1b, 0xc7, 0x04, 0xd9, 0xe5, 0xe8, 0xcf, 0xc0, 0xf8, 0x81, 0x47, 0xb2, 0xe7, 0xd9, 0x30, 0x11,
    0xff, 0xf8, 0x31, 0xfa, 0x04, 0xef, 0x0e, 0x99, 0x1c, 0x33, 0x4e, 0xf0, 0x1e, 0x1a, 0xd4, 0x0d,
    0xca, 0xab, 0x7f, 0xe1, 0xb8, 0xce, 0x50, 0xa5, 0xb8, 0xeb, 0xa5, 0xfd, 0xe5, 0x68, 0x7f, 0x04,
    0xfc, 0xae, 0x53, 0xae, 0xca, 0x40, 0xb1, 0x32, 0x91, 0x5f, 0xd4, 0xd6, 0xf2, 0x96, 0xf5, 0xbe,
    0x57, 0x3a, 0x6e, 0xb1, 0x57, 0xf8, 0xe9, 0x9b, 0xd8, 0xda, 0x26, 0xf8, 0x3a, 0xc8, 0x2c, 0x81,
    0xe4, 0xe8, 0xf1, 0xf6, 0xe6, 0x93, 0x05, 0x08, 0xcb, 0x31, 0x24, 0x9e, 0xde, 0x1e, 0xf5, 0xe1,
    0x1c, 0x2c, 0xdf, 0x1b, 0x02, 0x2f, 0x18, 0x29, 0xb2, 0xe1, 0xb9, 0x0a, 0x1e, 0x2f, 0x07, 0x28,
    0xc9, 0x7f, 0x34, 0xfb, 0xf0, 0x2c, 0xa8, 0x42, 0xd2, 0x02, 0xb5, 0x15, 0x9d, 0xb9, 0xe9, 0x00,
    0xc3, 0x13, 0x4a, 0xf7, 0xc9, 0xf5, 0x52, 0x81, 0x3f, 0x85, 0xd3, 0x54, 0x18, 0xed, 0xde, 0xee,
    0x19, 0x92, 0xd1, 0x0b, 0x3e, 0xf9, 0xff, 0xff, 0x04, 0x00, 0x00, 0x00, 0x70, 0x00, 0x00, 0x00,
    0x15, 0x04, 0x00, 0x00, 0xab, 0x0a, 0x00, 0x00, 0xd3, 0x0b, 0x00, 0x00, 0xbf, 0x07, 0x00, 0x00,
    0x05, 0x02, 0x00, 0x00, 0x7c, 0x07, 0x00, 0x00, 0x1c, 0xf2, 0xff, 0xff, 0x0d, 0x04, 0x00, 0x00,
    0x65, 0x00, 0x00, 0x00, 0x67, 0x0b, 0x00, 0x00, 0x10, 0xfc, 0xff, 0xff, 0xc9, 0x07, 0x00, 0x00,
    0xb1, 0xfa, 0xff, 0xff, 0xc7, 0x02, 0x00, 0x00, 0x38, 0x08, 0x00, 0x00, 0xda, 0x07, 0x00, 0x00,
    0x39, 0x0a, 0x00, 0x00, 0x27, 0x04, 0x00, 0x00, 0x59, 0x01, 0x00, 0x00, 0x3d, 0xee, 0xff, 0xff,
    0xc7, 0x05, 0x00, 0x00, 0xbf, 0x0b, 0x00, 0x00, 0x4f, 0x0b, 0x00, 0x00, 0x9e, 0x03, 0x00, 0x00,
    0x23, 0xf9, 0xff, 0xff, 0x72, 0x11, 0x00, 0x00, 0x7b, 0xfd, 0xff, 0xff, 0x74, 0x10, 0x00, 0x00,
    0xba, 0xf9, 0xff, 0xff, 0x04, 0x00, 0x00, 0x00, 0xfc, 0x00, 0x00, 0x00, 0xcc, 0x7f, 0x8d, 0x69,
    0x7f, 0x9c, 0x48, 0x90, 0x74, 0x75, 0x54, 0x81, 0x4f, 0x61, 0xd1, 0xce, 0x7f, 0x81, 0x52, 0x94,
    0xe4, 0xc8, 0xc0, 0x7f, 0xac, 0xa8, 0x81, 0xab, 0xad, 0x5f, 0xed, 0x64, 0x7d, 0xa1, 0x36, 0x81,
    0x6f, 0x44, 0x7f, 0x60, 0x7f, 0x7f, 0xa4, 0xcd, 0x5f, 0xdd, 0x53, 0xd1, 0xb2, 0xb2, 0xa1, 0x77,
    0xc2, 0x9a, 0xb2, 0xb3, 0xdc, 0x48, 0xf0, 0x45, 0x43, 0xb8, 0x7f, 0xa1, 0x5e, 0x40, 0x4f, 0xbc,
    0x6d, 0x6e, 0xab, 0xf9, 0x2d, 0xcf, 0x7f, 0x81, 0x81, 0xa9, 0x9a, 0x6c, 0xbe, 0xbc, 0xee, 0x81,
    0xe3, 0x04, 0xce, 0xd8, 0x16, 0x2e, 0xf1, 0x58, 0x05, 0xeb, 0xfd, 0x0a, 0xf7, 0xfe, 0x07, 0xde,
    0xe8, 0xcb, 0xfe, 0x06, 0xdf, 0xf1, 0xf6, 0xd8, 0xf9, 0xfe, 0x13, 0xb8, 0xd9, 0xf2, 0xee, 0xc8,
    0x14, 0x1c, 0xeb, 0x04, 0xfc, 0xe5, 0x05, 0x3b, 0xe1, 0x21, 0xfd, 0xe8, 0xec, 0xf5, 0xfb, 0xef,
    0xc9, 0xfd, 0x1c, 0xc9, 0xee, 0x10, 0x31, 0xe3, 0xd9, 0xec, 0xe9, 0xdd, 0x0e, 0x12, 0x06, 0xd7,
    0xf4, 0xeb, 0x1e, 0xf5, 0xcf, 0xf6, 0xef, 0x03, 0xd1, 0xfd, 0xe0, 0xd6, 0xd2, 0xe2, 0x04, 0xcd,
    0xfe, 0xfe, 0x15, 0xc9, 0x03, 0x76, 0x81, 0x6b, 0x26, 0xc5, 0x4c, 0xe8, 0x7f, 0x7f, 0xe2, 0xac,
    0x70, 0x7a, 0x81, 0x81, 0x22, 0xb1, 0x60, 0xb1, 0xcf, 0x9c, 0x8f, 0x65, 0x98, 0xc0, 0xe1, 0xcf,
    0xe5, 0x62, 0x94, 0x7f, 0x49, 0x81, 0x3e, 0xbd, 0x57, 0x77, 0xd4, 0x62, 0x75, 0x46, 0x88, 0xa1,
    0x68, 0xf8, 0x5a, 0xe3, 0xb9, 0x81, 0x97, 0x51, 0x81, 0x81, 0xb6, 0xe8, 0x81, 0x7f, 0xb8, 0x57,
    0x4b, 0xaa, 0x7d, 0xaa, 0x48, 0x4d, 0xf2, 0xa7, 0x6a, 0x42, 0xa8, 0xec, 0x5d, 0xf4, 0x66, 0x86,
    0xd1, 0xb7, 0x81, 0x55, 0x98, 0x8e, 0xc4, 0xb9, 0xc2, 0xfa, 0xff, 0xff, 0x04, 0x00, 0x00, 0x00,
    0x70, 0x00, 0x00, 0x00, 0x05, 0x18, 0x00, 0x00, 0x28, 0xfa, 0xff, 0xff, 0xcf, 0x19, 0x00, 0x00,
    0x37, 0xf7, 0xff, 0xff, 0xd3, 0xf9, 0xff, 0xff, 0x2c, 0x15, 0x00, 0x00, 0x75, 0xfa, 0xff, 0xff,
    0xac, 0x15, 0x00, 0x00, 0xf7, 0xf9, 0xff, 0xff, 0x99, 0xf8, 0xff, 0xff, 0x2c, 0xfc, 0xff, 0xff,
    0x1d, 0xfb, 0xff, 0xff, 0xec, 0xfa, 0xff, 0xff, 0x04, 0xfb, 0xff, 0xff, 0x3b, 0x1c, 0x00, 0x00,
    0x85, 0x14, 0x00, 0x00, 0x63, 0xee, 0xff, 0xff, 0xf1, 0x0e, 0x00, 0x00, 0x99, 0xfa, 0xff, 0xff,
    0xe9, 0x10, 0x00, 0x00, 0x95, 0x17, 0x00, 0x00, 0xba, 0x1a, 0x00, 0x00, 0xf5, 0x19, 0x00, 0x00,
    0xea, 0xf8, 0xff, 0xff, 0xab, 0x1b, 0x00, 0x00, 0x10, 0x0c, 0x00, 0x00, 0x80, 0x0c, 0x00, 0x00,
    0xf0, 0x1c, 0x00, 0x00, 0x3e, 0xfb, 0xff, 0xff, 0x04, 0x00, 0x00, 0x00, 0xbc, 0x02, 0x00, 0x00,
    0xc6, 0x55, 0xf9, 0xfa, 0xd5, 0xcf, 0x0f, 0xbd, 0xc3, 0x2c, 0x3b, 0x4e, 0xd1, 0xdf, 0x19, 0x7b,
    0xe9, 0xfd, 0x09, 0x14, 0xca, 0xaa, 0xc4, 0xd6, 0x23, 0x81, 0xf3, 0xd8, 0x5e, 0x34, 0xce, 0xfa,
    0xf5, 0xbb, 0xd5, 0x46, 0x0a, 0x08, 0xfd, 0x32, 0xdf, 0x44, 0x47, 0x0e, 0x2d, 0x63, 0x69, 0x91,
    0x9e, 0x3b, 0x28, 0xcc, 0x9c, 0x81, 0xee, 0x16, 0x35, 0xf4, 0xef, 0x15, 0xe5, 0x24, 0x4a, 0x1a,
    0xb8, 0xdc, 0x33, 0x33, 0xc0, 0x5f, 0xbd, 0x44, 0x46, 0x45, 0x08, 0x81, 0xfd, 0xc5, 0x23, 0xd4,
    0xf8, 0xa5, 0xee, 0xce, 0x98, 0x45, 0x14, 0x72, 0x19, 0x28, 0xd6, 0xc7, 0x28, 0xcb, 0xcf, 0x14,
    0x21, 0x08, 0x30, 0x03, 0x5a, 0x0d, 0xe7, 0x63, 0x81, 0xf6, 0x9d, 0xcd, 0x69, 0xd2, 0xe3, 0x29,
    0x10, 0xf9, 0x81, 0x20, 0xd3, 0x02, 0xd9, 0xc1, 0x67, 0x21, 0x18, 0x4c, 0x26, 0x61, 0xe7, 0x3a,
    0xd3, 0x26, 0xc5, 0x4f, 0x15, 0xdf, 0xa4, 0xe8, 0xf8, 0xa6, 0xdf, 0x39, 0xc9, 0x0b, 0x01, 0xd0,
    0x0c, 0xc2, 0xc7, 0x32, 0x07, 0xd1, 0xbb, 0x01, 0x24, 0xc6, 0x17, 0xdc, 0xf1, 0xf5, 0x4e, 0xc5,
    0xf0, 0x3f, 0xf5, 0x7f, 0xeb, 0xd2, 0xdf, 0x1c, 0x81, 0x12, 0x68, 0xa3, 0x13, 0x0f, 0x10, 0xcf,
    0xf3, 0xce, 0x15, 0x33, 0xe7, 0xd1, 0x2e, 0x47, 0x19, 0xfd, 0x36, 0xaa, 0xb8, 0xc6, 0xef, 0x4c,
    0x36, 0xe2, 0x28, 0xbe, 0x60, 0x6d, 0xfb, 0xeb, 0x6e, 0xbe, 0xa3, 0x06, 0x20, 0x1b, 0xdf, 0x6c,
    0xde, 0x38, 0x7f, 0x12, 0x1f, 0x15, 0xed, 0xf1, 0x89, 0x12, 0xf9, 0x3c, 0xfd, 0xbb, 0x6f, 0xa2,
    0xe8, 0x49, 0x45, 0xbb, 0xe9, 0xe7, 0x57, 0xef, 0x5a, 0xc3, 0x54, 0x2d, 0xa2, 0xd1, 0xc7, 0xcc,
    0xf1, 0xd8, 0xd0, 0xe6, 0xc3, 0x67, 0x10, 0x3c, 0x41, 0x81, 0x7d, 0x05, 0xc1, 0x68, 0x63, 0x0f,
    0x42, 0xb6, 0xc4, 0x3a, 0xd8, 0xe5, 0x07, 0x24, 0x7f, 0x25, 0xf8, 0xa1, 0x39, 0x04, 0xe0, 0xd6,
    0xf4, 0x62, 0x46, 0xd5, 0xf0, 0xd1, 0x04, 0xeb, 0xe4, 0xd8, 0x27, 0xe1, 0xe6, 0x03, 0x0f, 0xf6,
    0x7f, 0xc9, 0xe4, 0x0b, 0x2d, 0xe5, 0xb6, 0xe8, 0xc5, 0xe5, 0xc5, 0xe8, 0xc5, 0x16, 0xe9, 0x73,
    0x5f, 0x9f, 0x2f, 0x17, 0x20, 0x04, 0x27, 0x9c, 0x25, 0x6f, 0x18, 0xfb, 0x7f, 0x2b, 0xea, 0x05,
    0x2b, 0x17, 0x1e, 0xdd, 0xb7, 0xf2, 0xe5, 0xd8, 0xe0, 0x27, 0x35, 0xdc, 0x37, 0xf4, 0xf0, 0xb3,
    0x11, 0x5e, 0x19, 0xe8, 0x5c, 0xc9, 0xbd, 0x66, 0xfc, 0x0a, 0xb7, 0x24, 0x21, 0xc6, 0x35, 0x9f,
    0x2b, 0xda, 0x61, 0xf4, 0xa9, 0x7f, 0x1a, 0xbe, 0xbf, 0xdd, 0xb3, 0xfc, 0xc5, 0xbb, 0xbe, 0xf9,
    0x04, 0x24, 0x27, 0x67, 0xde, 0xee, 0x02, 0xe2, 0xa9, 0xcf, 0x81, 0xff, 0x1c, 0xfb, 0x39, 0xd6,
    0x10, 0x39, 0xd5, 0x67, 0xd3, 0xba, 0x27, 0x59, 0xf4, 0x3a, 0x43, 0x16, 0x58, 0xfb, 0x12, 0xdb,
    0x0e, 0xc4, 0xcd, 0x39, 0xc0, 0xe3, 0x13, 0xb9, 0x7f, 0xbd, 0xdc, 0xfe, 0xac, 0x4d, 0xd5, 0x4e,
    0x05, 0xb0, 0x4c, 0xf6, 0xdf, 0xf7, 0x28, 0xe4, 0xf6, 0x33, 0x7f, 0x04, 0x09, 0xeb, 0x0d, 0xe9,
    0x0d, 0xcf, 0xe0, 0x2a, 0x0e, 0xc5, 0xef, 0xdb, 0x17, 0xe1, 0x15, 0xbc, 0x63, 0xa5, 0xed, 0x90,
    0xc2, 0x1a, 0x4d, 0x4c, 0xdd, 0x81, 0xdd, 0xf5, 0xb6, 0x38, 0x58, 0x27, 0x50, 0xe6, 0xa8, 0x6f,
    0xea, 0xe1, 0xc9, 0x56, 0x47, 0xb2, 0x06, 0xf5, 0x68, 0x8a, 0xcd, 0xbd, 0xcf, 0x1b, 0xd7, 0xef,
    0x70, 0x21, 0xde, 0xdf, 0x26, 0x76, 0xe3, 0x33, 0xbe, 0xd2, 0x38, 0xf1, 0x1c, 0x92, 0xc0, 0x7f,
    0x05, 0x3b, 0xb0, 0x47, 0xf3, 0xbc, 0xdf, 0xc3, 0xfa, 0x54, 0xfb, 0xee, 0x05, 0xc4, 0x26, 0x01,
    0x09, 0x26, 0xe6, 0x1b, 0xaf, 0x9e, 0x4a, 0x49, 0xf6, 0x81, 0x22, 0x45, 0xb2, 0x23, 0xed, 0xf5,
    0x1e, 0xae, 0xd9, 0xb9, 0x25, 0xd4, 0x81, 0x27, 0x02, 0x25, 0xe0, 0xdf, 0x4e, 0x0f, 0xf2, 0xdf,
    0xeb, 0xfc, 0xc9, 0xf0, 0xf7, 0x1c, 0x02, 0x27, 0x10, 0x41, 0xc5, 0xda, 0xf0, 0xff, 0xa6, 0x18,
    0xd8, 0xcb, 0xdb, 0xcd, 0x2f, 0x76, 0x4f, 0x6f, 0xfc, 0xed, 0xcc, 0xca, 0x7f, 0x05, 0x8d, 0xab,
    0x27, 0xd9, 0xf7, 0xe0, 0x2f, 0x37, 0x3a, 0x95, 0x35, 0xaf, 0xd1, 0xe9, 0x0c, 0x50, 0x46, 0xb3,
    0xec, 0xd7, 0x1f, 0x08, 0x4b, 0x03, 0xff, 0x28, 0x0e, 0xe9, 0x2f, 0x06, 0xfb, 0xe1, 0x20, 0x81,
    0xc9, 0x1c, 0x6e, 0xac, 0x0f, 0xba, 0xe5, 0xb4, 0xa7, 0xd2, 0x1c, 0xd2, 0x02, 0xfb, 0xaf, 0x26,
    0x14, 0x5e, 0xf0, 0xe3, 0x49, 0xe9, 0xea, 0xe8, 0xb8, 0xf7, 0x3f, 0x30, 0x22, 0x21, 0xf5, 0xfa,
    0xcf, 0xee, 0x81, 0x20, 0xed, 0xf0, 0x3b, 0x7f, 0xd3, 0xd7, 0xbb, 0x4c, 0x19, 0xd5, 0xde, 0xd7,
    0x2f, 0xe0, 0xf8, 0x22, 0x0c, 0x01, 0x57, 0xda, 0x1b, 0xea, 0x07, 0xe8, 0x26, 0xb1, 0xa5, 0x02,
    0xc0, 0x20, 0x4b, 0xdb, 0xcf, 0xca, 0x22, 0xff, 0xe6, 0x32, 0x07, 0x0a, 0x0a, 0xa4, 0x0d, 0x6b,
    0xc9, 0xbe, 0x22, 0x1c, 0x1c, 0xc3, 0x14, 0xfe, 0x3e, 0x96, 0xca, 0x81, 0x06, 0xfe, 0xff, 0xff,
    0x04, 0x00, 0x00, 0x00, 0x64, 0x00, 0x00, 0x00, 0xa7, 0x16, 0x00, 0x00, 0xa0, 0x09, 0x00, 0x00,
    0x5c, 0x0b, 0x00, 0x00, 0x1f, 0x08, 0x00, 0x00, 0x14, 0x0c, 0x00, 0x00, 0x83, 0x0e, 0x00, 0x00,
    0xa2, 0x0d, 0x00, 0x00, 0x9a, 0xf9, 0xff, 0xff, 0xd4, 0x06, 0x00, 0x00, 0xd6, 0x01, 0x00, 0x00,
    0x8d, 0x0c, 0x00, 0x00, 0x3b, 0xfd, 0xff, 0xff, 0x0b, 0x05, 0x00, 0x00, 0xda, 0x0a, 0x00, 0x00,
    0x27, 0x05, 0x00, 0x00, 0x4e, 0x0d, 0x00, 0x00, 0xc3, 0x0b, 0x00, 0x00, 0x1d, 0x09, 0x00, 0x00,
    0x95, 0x0a, 0x00, 0x00, 0x8a, 0x0b, 0x00, 0x00, 0xcb, 0x0a, 0x00, 0x00, 0xda, 0x0a, 0x00, 0x00,
    0xdc, 0x0c, 0x00, 0x00, 0x96, 0x09, 0x00, 0x00, 0xe5, 0x0f, 0x00, 0x00, 0x76, 0xfe, 0xff, 0xff,
    0x04, 0x00, 0x00, 0x00, 0x2c, 0x01, 0x00, 0x00, 0x3f, 0xec, 0x4b, 0x81, 0xbb, 0xe0, 0x17, 0xa6,
    0xfb, 0xed, 0xd2, 0xff, 0xc2, 0xcf, 0xb6, 0x37, 0x36, 0x97, 0x1f, 0xb0, 0x04, 0x3f, 0xd5, 0x1e,
    0x52, 0xde, 0x3a, 0x15, 0xaf, 0xb9, 0x46, 0x0c, 0xae, 0xb8, 0xbc, 0xbb, 0xba, 0x39, 0x41, 0xb5,
    0xc0, 0xbd, 0xb8, 0xed, 0xfe, 0x09, 0x11, 0x4d, 0x31, 0x16, 0xbe, 0x99, 0xa2, 0x23, 0x15, 0xc0,
    0x9f, 0xa6, 0x37, 0xf6, 0x44, 0x3f, 0xe0, 0x04, 0x3b, 0x32, 0xbd, 0x13, 0x0f, 0x3a, 0x35, 0xe1,
    0xa9, 0xae, 0xa6, 0x97, 0xac, 0xae, 0xe7, 0xc7, 0x30, 0x07, 0xac, 0xa7, 0x36, 0x16, 0x26, 0x34,
    0xc8, 0xb2, 0x09, 0x30, 0xc1, 0xac, 0xd0, 0x41, 0x12, 0x3e, 0x3e, 0x1b, 0x23, 0x30, 0x33, 0x45,
    0x4e, 0xe8, 0x87, 0x26, 0xad, 0xd4, 0xf0, 0xae, 0xd8, 0xc1, 0xd0, 0xa6, 0x02, 0xf3, 0xca, 0x4a,
    0x99, 0xdb, 0xb8, 0x3d, 0xa3, 0x49, 0x4e, 0x4f, 0xe1, 0x48, 0xb9, 0xee, 0x2b, 0x21, 0x41, 0xd6,
    0xb7, 0xa2, 0xc2, 0xde, 0x90, 0x33, 0xa7, 0x9d, 0xd6, 0x9b, 0x31, 0xc5, 0xb4, 0xbd, 0xb0, 0xce,
    0xd1, 0xa7, 0xe4, 0x51, 0x30, 0x14, 0x48, 0xd8, 0x4f, 0xd1, 0xa9, 0x66, 0x38, 0xe1, 0xe1, 0x11,
    0xcc, 0xeb, 0xbb, 0xc6, 0xd3, 0xb5, 0xd5, 0x43, 0xa5, 0xa9, 0xe3, 0x20, 0xd2, 0xc6, 0xc7, 0xe5,
    0xb8, 0xbd, 0xe6, 0xca, 0xd4, 0xb4, 0xc7, 0x30, 0x45, 0x5e, 0x21, 0xaa, 0xb6, 0x4a, 0xc0, 0x40,
    0xe0, 0x20, 0x05, 0xe5, 0x49, 0xd7, 0xf3, 0x4a, 0x9b, 0xbc, 0xe8, 0x62, 0xe0, 0xaf, 0x92, 0xb2,
    0xb7, 0x3f, 0xaf, 0x3c, 0xd0, 0xf5, 0x1f, 0x81, 0xa0, 0xb0, 0xa4, 0x2a, 0x37, 0xa1, 0xbd, 0xbd,
    0x9c, 0xd9, 0x31, 0x97, 0xab, 0x2f, 0xf3, 0x52, 0x44, 0x0d, 0x22, 0x15, 0x11, 0x50, 0xb6, 0x90,
    0x17, 0xb6, 0x4d, 0xc1, 0xce, 0x4f, 0xf4, 0xb6, 0x3e, 0xec, 0xd3, 0xb1, 0xc3, 0xd3, 0xb7, 0xc2,
    0x2c, 0xe7, 0x9c, 0x03, 0xc7, 0x87, 0xcd, 0x96, 0xd5, 0xa9, 0xab, 0xf0, 0x01, 0xc7, 0xef, 0xd8,
    0x12, 0x15, 0x2d, 0x19, 0x25, 0xfc, 0x06, 0x29, 0xc9, 0x20, 0xe4, 0xff, 0x01, 0x17, 0xdb, 0xd3,
    0x23, 0xf2, 0xf3, 0xf3, 0xae, 0xff, 0xff, 0xff, 0x04, 0x00, 0x00, 0x00, 0x30, 0x00, 0x00, 0x00,
    0x2f, 0xff, 0xff, 0xff, 0x3e, 0x00, 0x00, 0x00, 0x7a, 0xff, 0xff, 0xff, 0x84, 0xff, 0xff, 0xff,
    0xad, 0xff, 0xff, 0xff, 0xd5, 0xff, 0xff, 0xff, 0x12, 0xff, 0xff, 0xff, 0x13, 0x00, 0x00, 0x00,
    0x1f, 0x01, 0x00, 0x00, 0xb8, 0xff, 0xff, 0xff, 0x60, 0x00, 0x00, 0x00, 0xf9, 0xff, 0xff, 0xff,
    0xea, 0xff, 0xff, 0xff, 0x04, 0x00, 0x00, 0x00, 0x08, 0x00, 0x00, 0x00, 0xff, 0xff, 0xff, 0xff,
    0x19, 0x00, 0x00, 0x00, 0x00, 0x00, 0x06, 0x00, 0x08, 0x00, 0x04, 0x00, 0x06, 0x00, 0x00, 0x00,
    0x04, 0x00, 0x00, 0x00, 0x20, 0x00, 0x00, 0x00, 0x00, 0x00, 0x00, 0x00, 0x00, 0x00, 0x00, 0x00,
    0x04, 0x00, 0x00, 0x00, 0x05, 0x00, 0x00, 0x00, 0x01, 0x00, 0x00, 0x00, 0x01, 0x00, 0x00, 0x00,
    0x00, 0x00, 0x00, 0x00, 0x00, 0x00, 0x00, 0x00, 0xd0, 0xd4, 0xff, 0xff, 0xd4, 0xd4, 0xff, 0xff,
    0x0f, 0x00, 0x00, 0x00, 0x4d, 0x4c, 0x49, 0x52, 0x20, 0x43, 0x6f, 0x6e, 0x76, 0x65, 0x72, 0x74,
    0x65, 0x64, 0x2e, 0x00, 0x01, 0x00, 0x00, 0x00, 0x14, 0x00, 0x00, 0x00, 0x00, 0x00, 0x0e, 0x00,
    0x18, 0x00, 0x14, 0x00, 0x10, 0x00, 0x0c, 0x00, 0x08, 0x00, 0x04, 0x00, 0x0e, 0x00, 0x00, 0x00,
    0x14, 0x00, 0x00, 0x00, 0x1c, 0x00, 0x00, 0x00, 0xe0, 0x03, 0x00, 0x00, 0xe4, 0x03, 0x00, 0x00,
    0xe8, 0x03, 0x00, 0x00, 0x04, 0x00, 0x00, 0x00, 0x6d, 0x61, 0x69, 0x6e, 0x00, 0x00, 0x00, 0x00,
    0x0d, 0x00, 0x00, 0x00, 0x98, 0x03, 0x00, 0x00, 0x34, 0x03, 0x00, 0x00, 0xcc, 0x02, 0x00, 0x00,
    0x74, 0x02, 0x00, 0x00, 0x2c, 0x02, 0x00, 0x00, 0xe4, 0x01, 0x00, 0x00, 0x9c, 0x01, 0x00, 0x00,
    0x54, 0x01, 0x00, 0x00, 0x0c, 0x01, 0x00, 0x00, 0xc4, 0x00, 0x00, 0x00, 0x70, 0x00, 0x00, 0x00,
    0x48, 0x00, 0x00, 0x00, 0x04, 0x00, 0x00, 0x00, 0x0a, 0xfd, 0xff, 0xff, 0x14, 0x00, 0x00, 0x00,
    0x00, 0x00, 0x00, 0x08, 0x10, 0x00, 0x00, 0x00, 0x14, 0x00, 0x00, 0x00, 0x05, 0x00, 0x00, 0x00,
    0x78, 0xd5, 0xff, 0xff, 0x01, 0x00, 0x00, 0x00, 0x23, 0x00, 0x00, 0x00, 0x03, 0x00, 0x00, 0x00,
    0x22, 0x00, 0x00, 0x00, 0x04, 0x00, 0x00, 0x00, 0x03, 0x00, 0x00, 0x00, 0x00, 0x00, 0x0a, 0x00,
    0x10, 0x00, 0x0c, 0x00, 0x08, 0x00, 0x04, 0x00, 0x0a, 0x00, 0x00, 0x00, 0x0c, 0x00, 0x00, 0x00,
    0x10, 0x00, 0x00, 0x00, 0x04, 0x00, 0x00, 0x00, 0x01, 0x00, 0x00, 0x00, 0x22, 0x00, 0x00, 0x00,
    0x02, 0x00, 0x00, 0x00, 0x21, 0x00, 0x00, 0x00, 0x02, 0x00, 0x00, 0x00, 0xd2, 0xfd, 0xff, 0xff,
    0x24, 0x00, 0x00, 0x00, 0x00, 0x00, 0x00, 0x05, 0x34, 0x00, 0x00, 0x00, 0x38, 0x00, 0x00, 0x00,
    0x03, 0x00, 0x00, 0x00, 0x00, 0x00, 0x0e, 0x00, 0x18, 0x00, 0x17, 0x00, 0x10, 0x00, 0x0c, 0x00,
    0x08, 0x00, 0x04, 0x00, 0x0e, 0x00, 0x00, 0x00, 0x18, 0x00, 0x00, 0x00, 0x05, 0x00, 0x00, 0x00,
    0x18, 0x00, 0x00, 0x00, 0x05, 0x00, 0x00, 0x00, 0x00, 0x00, 0x00, 0x01, 0x01, 0x00, 0x00, 0x00,
    0x21, 0x00, 0x00, 0x00, 0x01, 0x00, 0x00, 0x00, 0x20, 0x00, 0x00, 0x00, 0xbe, 0xfd, 0xff, 0xff,
    0x14, 0x00, 0x00, 0x00, 0x00, 0x00, 0x00, 0x01, 0x20, 0x00, 0x00, 0x00, 0x24, 0x00, 0x00, 0x00,
    0x01, 0x00, 0x00, 0x00, 0xb0, 0xfd, 0xff, 0xff, 0x00, 0x00, 0x00, 0x01, 0x01, 0x00, 0x00, 0x00,
    0x01, 0x00, 0x00, 0x00, 0x00, 0x00, 0x00, 0x01, 0x01, 0x00, 0x00, 0x00, 0x20, 0x00, 0x00, 0x00,
    0x03, 0x00, 0x00, 0x00, 0x1f, 0x00, 0x00, 0x00, 0x06, 0x00, 0x00, 0x00, 0x05, 0x00, 0x00, 0x00,
    0x02, 0xfe, 0xff, 0xff, 0x14, 0x00, 0x00, 0x00, 0x00, 0x00, 0x00, 0x02, 0x20, 0x00, 0x00, 0x00,
    0x24, 0x00, 0x00, 0x00, 0x02, 0x00, 0x00, 0x00, 0x56, 0xfe, 0xff, 0xff, 0x00, 0x00, 0x00, 0x01,
    0x01, 0x00, 0x00, 0x00, 0x01, 0x00, 0x00, 0x00, 0x01, 0x00, 0x00, 0x00, 0x01, 0x00, 0x00, 0x00,
    0x1f, 0x00, 0x00, 0x00, 0x03, 0x00, 0x00, 0x00, 0x1e, 0x00, 0x00, 0x00, 0x08, 0x00, 0x00, 0x00,
    0x07, 0x00, 0x00, 0x00, 0x46, 0xfe, 0xff, 0xff, 0x14, 0x00, 0x00, 0x00, 0x00, 0x00, 0x00, 0x01,
    0x20, 0x00, 0x00, 0x00, 0x24, 0x00, 0x00, 0x00, 0x01, 0x00, 0x00, 0x00, 0x38, 0xfe, 0xff, 0xff,
    0x00, 0x00, 0x00, 0x01, 0x01, 0x00, 0x00, 0x00, 0x01, 0x00, 0x00, 0x00, 0x00, 0x00, 0x00, 0x01,
    0x01, 0x00, 0x00, 0x00, 0x1e, 0x00, 0x00, 0x00, 0x03, 0x00, 0x00, 0x00, 0x1d, 0x00, 0x00, 0x00,
    0x0a, 0x00, 0x00, 0x00, 0x09, 0x00, 0x00, 0x00, 0x8a, 0xfe, 0xff, 0xff, 0x14, 0x00, 0x00, 0x00,
    0x00, 0x00, 0x00, 0x02, 0x20, 0x00, 0x00, 0x00, 0x24, 0x00, 0x00, 0x00, 0x02, 0x00, 0x00, 0x00,
    0xde, 0xfe, 0xff, 0xff, 0x00, 0x00, 0x00, 0x01, 0x01, 0x00, 0x00, 0x00, 0x01, 0x00, 0x00, 0x00,
    0x01, 0x00, 0x00, 0x00, 0x01, 0x00, 0x00, 0x00, 0x1d, 0x00, 0x00, 0x00, 0x03, 0x00, 0x00, 0x00,
    0x1c, 0x00, 0x00, 0x00, 0x0c, 0x00, 0x00, 0x00, 0x0b, 0x00, 0x00, 0x00, 0xce, 0xfe, 0xff, 0xff,
    0x14, 0x00, 0x00, 0x00, 0x00, 0x00, 0x00, 0x01, 0x20, 0x00, 0x00, 0x00, 0x24, 0x00, 0x00, 0x00,
    0x01, 0x00, 0x00, 0x00, 0xc0, 0xfe, 0xff, 0xff, 0x00, 0x00, 0x00, 0x01, 0x01, 0x00, 0x00, 0x00,
    0x01, 0x00, 0x00, 0x00, 0x00, 0x00, 0x00, 0x01, 0x01, 0x00, 0x00, 0x00, 0x1c, 0x00, 0x00, 0x00,
    0x03, 0x00, 0x00, 0x00, 0x1b, 0x00, 0x00, 0x00, 0x0e, 0x00, 0x00, 0x00, 0x0d, 0x00, 0x00, 0x00,
    0x12, 0xff, 0xff, 0xff, 0x14, 0x00, 0x00, 0x00, 0x00, 0x00, 0x00, 0x02, 0x20, 0x00, 0x00, 0x00,
    0x24, 0x00, 0x00, 0x00, 0x02, 0x00, 0x00, 0x00, 0x66, 0xff, 0xff, 0xff, 0x00, 0x00, 0x00, 0x01,
    0x01, 0x00, 0x00, 0x00, 0x01, 0x00, 0x00, 0x00, 0x01, 0x00, 0x00, 0x00, 0x01, 0x00, 0x00, 0x00,
    0x1b, 0x00, 0x00, 0x00, 0x03, 0x00, 0x00, 0x00, 0x1a, 0x00, 0x00, 0x00, 0x10, 0x00, 0x00, 0x00,
    0x0f, 0x00, 0x00, 0x00, 0x56, 0xff, 0xff, 0xff, 0x14, 0x00, 0x00, 0x00, 0x00, 0x00, 0x00, 0x01,
    0x20, 0x00, 0x00, 0x00, 0x24, 0x00, 0x00, 0x00, 0x01, 0x00, 0x00, 0x00, 0x48, 0xff, 0xff, 0xff,
    0x00, 0x00, 0x00, 0x01, 0x01, 0x00, 0x00, 0x00, 0x01, 0x00, 0x00, 0x00, 0x00, 0x00, 0x00, 0x01,
    0x01, 0x00, 0x00, 0x00, 0x1a, 0x00, 0x00, 0x00, 0x03, 0x00, 0x00, 0x00, 0x19, 0x00, 0x00, 0x00,
    0x12, 0x00, 0x00, 0x00, 0x11, 0x00, 0x00, 0x00, 0x00, 0x00, 0x0e, 0x00, 0x1a, 0x00, 0x14, 0x00,
    0x10, 0x00, 0x0c, 0x00, 0x0b, 0x00, 0x04, 0x00, 0x0e, 0x00, 0x00, 0x00, 0x24, 0x00, 0x00, 0x00,
    0x00, 0x00, 0x00, 0x02, 0x30, 0x00, 0x00, 0x00, 0x34, 0x00, 0x00, 0x00, 0x02, 0x00, 0x00, 0x00,
    0x00, 0x00, 0x0e, 0x00, 0x14, 0x00, 0x00, 0x00, 0x10, 0x00, 0x0c, 0x00, 0x08, 0x00, 0x07, 0x00,
    0x0e, 0x00, 0x00, 0x00, 0x00, 0x00, 0x00, 0x01, 0x01, 0x00, 0x00, 0x00, 0x01, 0x00, 0x00, 0x00,
    0x01, 0x00, 0x00, 0x00, 0x01, 0x00, 0x00, 0x00, 0x19, 0x00, 0x00, 0x00, 0x03, 0x00, 0x00, 0x00,
    0x18, 0x00, 0x00, 0x00, 0x14, 0x00, 0x00, 0x00, 0x13, 0x00, 0x00, 0x00, 0x00, 0x00, 0x0e, 0x00,
    0x18, 0x00, 0x14, 0x00, 0x10, 0x00, 0x0c, 0x00, 0x0b, 0x00, 0x04, 0x00, 0x0e, 0x00, 0x00, 0x00,
    0x20, 0x00, 0x00, 0x00, 0x00, 0x00, 0x00, 0x01, 0x2c, 0x00, 0x00, 0x00, 0x30, 0x00, 0x00, 0x00,
    0x01, 0x00, 0x00, 0x00, 0x0c, 0x00, 0x14, 0x00, 0x13, 0x00, 0x0c, 0x00, 0x08, 0x00, 0x07, 0x00,
    0x0c, 0x00, 0x00, 0x00, 0x00, 0x00, 0x00, 0x01, 0x02, 0x00, 0x00, 0x00, 0x02, 0x00, 0x00, 0x00,
    0x00, 0x00, 0x00, 0x01, 0x01, 0x00, 0x00, 0x00, 0x18, 0x00, 0x00, 0x00, 0x03, 0x00, 0x00, 0x00,
    0x17, 0x00, 0x00, 0x00, 0x16, 0x00, 0x00, 0x00, 0x15, 0x00, 0x00, 0x00, 0x00, 0x00, 0x0e, 0x00,
    0x14, 0x00, 0x00, 0x00, 0x10, 0x00, 0x0c, 0x00, 0x0b, 0x00, 0x04, 0x00, 0x0e, 0x00, 0x00, 0x00,
    0x10, 0x00, 0x00, 0x00, 0x00, 0x00, 0x00, 0x16, 0x0c, 0x00, 0x00, 0x00, 0x10, 0x00, 0x00, 0x00,
    0xd8, 0xd8, 0xff, 0xff, 0x01, 0x00, 0x00, 0x00, 0x17, 0x00, 0x00, 0x00, 0x02, 0x00, 0x00, 0x00,
    0x00, 0x00, 0x00, 0x00, 0x01, 0x00, 0x00, 0x00, 0x01, 0x00, 0x00, 0x00, 0x23, 0x00, 0x00, 0x00,
    0x01, 0x00, 0x00, 0x00, 0x00, 0x00, 0x00, 0x00, 0x24, 0x00, 0x00, 0x00, 0x3c, 0x27, 0x00, 0x00,
    0xdc, 0x26, 0x00, 0x00, 0x84, 0x26, 0x00, 0x00, 0x24, 0x26, 0x00, 0x00, 0xc0, 0x25, 0x00, 0x00,
    0x3c, 0x24, 0x00, 0x00, 0xb0, 0x22, 0x00, 0x00, 0x0c, 0x21, 0x00, 0x00, 0x40, 0x1f, 0x00, 0x00,
    0x84, 0x1d, 0x00, 0x00, 0xd0, 0x1b, 0x00, 0x00, 0x44, 0x1a, 0x00, 0x00, 0xa4, 0x18, 0x00, 0x00,
    0x14, 0x17, 0x00, 0x00, 0x78, 0x15, 0x00, 0x00, 0x04, 0x14, 0x00, 0x00, 0x7c, 0x12, 0x00, 0x00,
    0x04, 0x11, 0x00, 0x00, 0x80, 0x0f, 0x00, 0x00, 0xfc, 0x0d, 0x00, 0x00, 0x6c, 0x0c, 0x00, 0x00,
    0xec, 0x0a, 0x00, 0x00, 0x60, 0x09, 0x00, 0x00, 0xd4, 0x08, 0x00, 0x00, 0x10, 0x08, 0x00, 0x00,
    0x3c, 0x07, 0x00, 0x00, 0x70, 0x06, 0x00, 0x00, 0x9c, 0x05, 0x00, 0x00, 0xd0, 0x04, 0x00, 0x00,
    0xfc, 0x03, 0x00, 0x00, 0x30, 0x03, 0x00, 0x00, 0x5c, 0x02, 0x00, 0x00, 0x90, 0x01, 0x00, 0x00,
    0xfc, 0x00, 0x00, 0x00, 0x80, 0x00, 0x00, 0x00, 0x04, 0x00, 0x00, 0x00, 0x6a, 0xd9, 0xff, 0xff,
    0x00, 0x00, 0x00, 0x01, 0x18, 0x00, 0x00, 0x00, 0x20, 0x00, 0x00, 0x00, 0x3c, 0x00, 0x00, 0x00,
    0x24, 0x00, 0x00, 0x00, 0x00, 0x00, 0x00, 0x09, 0x50, 0x00, 0x00, 0x00, 0x02, 0x00, 0x00, 0x00,
    0xff, 0xff, 0xff, 0xff, 0x0c, 0x00, 0x00, 0x00, 0x4c, 0xd9, 0xff, 0xff, 0x08, 0x00, 0x00, 0x00,
    0x10, 0x00, 0x00, 0x00, 0x01, 0x00, 0x00, 0x00, 0x2a, 0x00, 0x00, 0x00, 0x00, 0x00, 0x00, 0x00,
    0x01, 0x00, 0x00, 0x00, 0xfa, 0x70, 0x55, 0x3e, 0x19, 0x00, 0x00, 0x00, 0x53, 0x74, 0x61, 0x74,
    0x65, 0x66, 0x75, 0x6c, 0x50, 0x61, 0x72, 0x74, 0x69, 0x74, 0x69, 0x6f, 0x6e, 0x65, 0x64, 0x43,
    0x61, 0x6c, 0x6c, 0x3a, 0x30, 0x00, 0x00, 0x00, 0x02, 0x00, 0x00, 0x00, 0x01, 0x00, 0x00, 0x00,
    0x0c, 0x00, 0x00, 0x00, 0xe2, 0xd9, 0xff, 0xff, 0x00, 0x00, 0x00, 0x01, 0x18, 0x00, 0x00, 0x00,
    0x20, 0x00, 0x00, 0x00, 0x40, 0x00, 0x00, 0x00, 0x23, 0x00, 0x00, 0x00, 0x00, 0x00, 0x00, 0x09,
    0x50, 0x00, 0x00, 0x00, 0x02, 0x00, 0x00, 0x00, 0xff, 0xff, 0xff, 0xff, 0x19, 0x00, 0x00, 0x00,
    0xc4, 0xd9, 0xff, 0xff, 0x08, 0x00, 0x00, 0x00, 0x14, 0x00, 0x00, 0x00, 0x01, 0x00, 0x00, 0x00,
    0x80, 0xff, 0xff, 0xff, 0xff, 0xff, 0xff, 0xff, 0x00, 0x00, 0x00, 0x00, 0x01, 0x00, 0x00, 0x00,
    0xfb, 0x77, 0xd6, 0x3d, 0x15, 0x00, 0x00, 0x00, 0x6d, 0x6f, 0x64, 0x65, 0x6c, 0x2f, 0x66, 0x6c,
    0x61, 0x74, 0x74, 0x65, 0x6e, 0x2f, 0x52, 0x65, 0x73, 0x68, 0x61, 0x70, 0x65, 0x00, 0x00, 0x00,
    0x02, 0x00, 0x00, 0x00, 0x01, 0x00, 0x00, 0x00, 0x19, 0x00, 0x00, 0x00, 0x5a, 0xda, 0xff, 0xff,
    0x00, 0x00, 0x00, 0x01, 0x18, 0x00, 0x00, 0x00, 0x28, 0x00, 0x00, 0x00, 0x48, 0x00, 0x00, 0x00,
    0x22, 0x00, 0x00, 0x00, 0x00, 0x00, 0x00, 0x09, 0x60, 0x00, 0x00, 0x00, 0x04, 0x00, 0x00, 0x00,
    0xff, 0xff, 0xff, 0xff, 0x01, 0x00, 0x00, 0x00, 0x01, 0x00, 0x00, 0x00, 0x19, 0x00, 0x00, 0x00,
    0x44, 0xda, 0xff, 0xff, 0x08, 0x00, 0x00, 0x00, 0x14, 0x00, 0x00, 0x00, 0x01, 0x00, 0x00, 0x00,
    0x80, 0xff, 0xff, 0xff, 0xff, 0xff, 0xff, 0xff, 0x00, 0x00, 0x00, 0x00, 0x01, 0x00, 0x00, 0x00,
    0xfb, 0x77, 0xd6, 0x3d, 0x1f, 0x00, 0x00, 0x00, 0x6d, 0x6f, 0x64, 0x65, 0x6c, 0x2f, 0x61, 0x76,
    0x65, 0x72, 0x61, 0x67, 0x65, 0x5f, 0x70, 0x6f, 0x6f, 0x6c, 0x69, 0x6e, 0x67, 0x32, 0x64, 0x2f,
    0x41, 0x76, 0x67, 0x50, 0x6f, 0x6f, 0x6c, 0x00, 0x04, 0x00, 0x00, 0x00, 0x01, 0x00, 0x00, 0x00,
    0x01, 0x00, 0x00, 0x00, 0x01, 0x00, 0x00, 0x00, 0x19, 0x00, 0x00, 0x00, 0xea, 0xda, 0xff, 0xff,
    0x00, 0x00, 0x00, 0x01, 0x18, 0x00, 0x00, 0x00, 0x28, 0x00, 0x00, 0x00, 0x48, 0x00, 0x00, 0x00,
    0x21, 0x00, 0x00, 0x00, 0x00, 0x00, 0x00, 0x09, 0x98, 0x00, 0x00, 0x00, 0x04, 0x00, 0x00, 0x00,
    0xff, 0xff, 0xff, 0xff, 0x19, 0x00, 0x00, 0x00, 0x05, 0x00, 0x00, 0x00, 0x19, 0x00, 0x00, 0x00,
    0xd4, 0xda, 0xff, 0xff, 0x08, 0x00, 0x00, 0x00, 0x14, 0x00, 0x00, 0x00, 0x01, 0x00, 0x00, 0x00,
    0x80, 0xff, 0xff, 0xff, 0xff, 0xff, 0xff, 0xff, 0x00, 0x00, 0x00, 0x00, 0x01, 0x00, 0x00, 0x00,
    0xfb, 0x77, 0xd6, 0x3d, 0x55, 0x00, 0x00, 0x00, 0x6d, 0x6f, 0x64, 0x65, 0x6c, 0x2f, 0x72, 0x65,
    0x5f, 0x6c, 0x75, 0x5f, 0x38, 0x2f, 0x52, 0x65, 0x6c, 0x75, 0x3b, 0x6d, 0x6f, 0x64, 0x65, 0x6c,
    0x2f, 0x62, 0x61, 0x74, 0x63, 0x68, 0x5f, 0x6e, 0x6f, 0x72, 0x6d, 0x61, 0x6c, 0x69, 0x7a, 0x61,
    0x74, 0x69, 0x6f, 0x6e, 0x5f, 0x38, 0x2f, 0x46, 0x75, 0x73, 0x65, 0x64, 0x42, 0x61, 0x74, 0x63,
    0x68, 0x4e, 0x6f, 0x72, 0x6d, 0x56, 0x33, 0x3b, 0x6d, 0x6f, 0x64, 0x65, 0x6c, 0x2f, 0x63, 0x6f,
    0x6e, 0x76, 0x32, 0x64, 0x5f, 0x34, 0x2f, 0x43, 0x6f, 0x6e, 0x76, 0x32, 0x44, 0x00, 0x00, 0x00,
    0x04, 0x00, 0x00, 0x00, 0x01, 0x00, 0x00, 0x00, 0x19, 0x00, 0x00, 0x00, 0x05, 0x00, 0x00, 0x00,
    0x19, 0x00, 0x00, 0x00, 0xb2, 0xdb, 0xff, 0xff, 0x00, 0x00, 0x00, 0x01, 0x18, 0x00, 0x00, 0x00,
    0x28, 0x00, 0x00, 0x00, 0x44, 0x00, 0x00, 0x00, 0x20, 0x00, 0x00, 0x00, 0x00, 0x00, 0x00, 0x09,
    0xa0, 0x00, 0x00, 0x00, 0x04, 0x00, 0x00, 0x00, 0xff, 0xff, 0xff, 0xff, 0x19, 0x00, 0x00, 0x00,
    0x05, 0x00, 0x00, 0x00, 0x1c, 0x00, 0x00, 0x00, 0x9c, 0xdb, 0xff, 0xff, 0x08, 0x00, 0x00, 0x00,
    0x10, 0x00, 0x00, 0x00, 0x01, 0x00, 0x00, 0x00, 0x80, 0xff, 0xff, 0xff, 0xff, 0xff, 0xff, 0xff,
    0x01, 0x00, 0x00, 0x00, 0xb5, 0x11, 0x4d, 0x3d, 0x62, 0x00, 0x00, 0x00, 0x6d, 0x6f, 0x64, 0x65,
    0x6c, 0x2f, 0x72, 0x65, 0x5f, 0x6c, 0x75, 0x5f, 0x37, 0x2f, 0x52, 0x65, 0x6c, 0x75, 0x3b, 0x6d,
    0x6f, 0x64, 0x65, 0x6c, 0x2f, 0x62, 0x61, 0x74, 0x63, 0x68, 0x5f, 0x6e, 0x6f, 0x72, 0x6d, 0x61,
    0x6c, 0x69, 0x7a, 0x61, 0x74, 0x69, 0x6f, 0x6e, 0x5f, 0x37, 0x2f, 0x46, 0x75, 0x73, 0x65, 0x64,
    0x42, 0x61, 0x74, 0x63, 0x68, 0x4e, 0x6f, 0x72, 0x6d, 0x56, 0x33, 0x3b, 0x6d, 0x6f, 0x64, 0x65,
    0x6c, 0x2f, 0x64, 0x65, 0x70, 0x74, 0x68, 0x77, 0x69, 0x73, 0x65, 0x5f, 0x63, 0x6f, 0x6e, 0x76,
    0x32, 0x64, 0x5f, 0x33, 0x2f, 0x64, 0x65, 0x70, 0x74, 0x68, 0x77, 0x69, 0x73, 0x65, 0x00, 0x00,
    0x04, 0x00, 0x00, 0x00, 0x01, 0x00, 0x00, 0x00, 0x19, 0x00, 0x00, 0x00, 0x05, 0x00, 0x00, 0x00,
    0x1c, 0x00, 0x00, 0x00, 0x82, 0xdc, 0xff, 0xff, 0x00, 0x00, 0x00, 0x01, 0x18, 0x00, 0x00, 0x00,
    0x28, 0x00, 0x00, 0x00, 0x48, 0x00, 0x00, 0x00, 0x1f, 0x00, 0x00, 0x00, 0x00, 0x00, 0x00, 0x09,
    0x98, 0x00, 0x00, 0x00, 0x04, 0x00, 0x00, 0x00, 0xff, 0xff, 0xff, 0xff, 0x19, 0x00, 0x00, 0x00,
    0x05, 0x00, 0x00, 0x00, 0x1c, 0x00, 0x00, 0x00, 0x6c, 0xdc, 0xff, 0xff, 0x08, 0x00, 0x00, 0x00,
    0x14, 0x00, 0x00, 0x00, 0x01, 0x00, 0x00, 0x00, 0x80, 0xff, 0xff, 0xff, 0xff, 0xff, 0xff, 0xff,
    0x00, 0x00, 0x00, 0x00, 0x01, 0x00, 0x00, 0x00, 0x56, 0x83, 0x17, 0x3d, 0x55, 0x00, 0x00, 0x00,
    0x6d, 0x6f, 0x64, 0x65, 0x6c, 0x2f, 0x72, 0x65, 0x5f, 0x6c, 0x75, 0x5f, 0x36, 0x2f, 0x52, 0x65,
    0x6c, 0x75, 0x3b, 0x6d, 0x6f, 0x64, 0x65, 0x6c, 0x2f, 0x62, 0x61, 0x74, 0x63, 0x68, 0x5f, 0x6e,
    0x6f, 0x72, 0x6d, 0x61, 0x6c, 0x69, 0x7a, 0x61, 0x74, 0x69, 0x6f, 0x6e, 0x5f, 0x36, 0x2f, 0x46,
    0x75, 0x73, 0x65, 0x64, 0x42, 0x61, 0x74, 0x63, 0x68, 0x4e, 0x6f, 0x72, 0x6d, 0x56, 0x33, 0x3b,
    0x6d, 0x6f, 0x64, 0x65, 0x6c, 0x2f, 0x63, 0x6f, 0x6e, 0x76, 0x32, 0x64, 0x5f, 0x33, 0x2f, 0x43,
    0x6f, 0x6e, 0x76, 0x32, 0x44, 0x00, 0x00, 0x00, 0x04, 0x00, 0x00, 0x00, 0x01, 0x00, 0x00, 0x00,
    0x19, 0x00, 0x00, 0x00, 0x05, 0x00, 0x00, 0x00, 0x1c, 0x00, 0x00, 0x00, 0x4a, 0xdd, 0xff, 0xff,
    0x00, 0x00, 0x00, 0x01, 0x18, 0x00, 0x00, 0x00, 0x28, 0x00, 0x00, 0x00, 0x44, 0x00, 0x00, 0x00,
    0x1e, 0x00, 0x00, 0x00, 0x00, 0x00, 0x00, 0x09, 0xa0, 0x00, 0x00, 0x00, 0x04, 0x00, 0x00, 0x00,
    0xff, 0xff, 0xff, 0xff, 0x19, 0x00, 0x00, 0x00, 0x05, 0x00, 0x00, 0x00, 0x1a, 0x00, 0x00, 0x00,
    0x34, 0xdd, 0xff, 0xff, 0x08, 0x00, 0x00, 0x00, 0x10, 0x00, 0x00, 0x00, 0x01, 0x00, 0x00, 0x00,
    0x80, 0xff, 0xff, 0xff, 0xff, 0xff, 0xff, 0xff, 0x01, 0x00, 0x00, 0x00, 0xda, 0xb3, 0x81, 0x3d,
    0x62, 0x00, 0x00, 0x00, 0x6d, 0x6f, 0x64, 0x65, 0x6c, 0x2f, 0x72, 0x65, 0x5f, 0x6c, 0x75, 0x5f,
    0x35, 0x2f, 0x52, 0x65, 0x6c, 0x75, 0x3b, 0x6d, 0x6f, 0x64, 0x65, 0x6c, 0x2f, 0x62, 0x61, 0x74,
    0x63, 0x68, 0x5f, 0x6e, 0x6f, 0x72, 0x6d, 0x61, 0x6c, 0x69, 0x7a, 0x61, 0x74, 0x69, 0x6f, 0x6e,
    0x5f, 0x35, 0x2f, 0x46, 0x75, 0x73, 0x65, 0x64, 0x42, 0x61, 0x74, 0x63, 0x68, 0x4e, 0x6f, 0x72,
    0x6d, 0x56, 0x33, 0x3b, 0x6d, 0x6f, 0x64, 0x65, 0x6c, 0x2f, 0x64, 0x65, 0x70, 0x74, 0x68, 0x77,
    0x69, 0x73, 0x65, 0x5f, 0x63, 0x6f, 0x6e, 0x76, 0x32, 0x64, 0x5f, 0x32, 0x2f, 0x64, 0x65, 0x70,
    0x74, 0x68, 0x77, 0x69, 0x73, 0x65, 0x00, 0x00, 0x04, 0x00, 0x00, 0x00, 0x01, 0x00, 0x00, 0x00,
    0x19, 0x00, 0x00, 0x00, 0x05, 0x00, 0x00, 0x00, 0x1a, 0x00, 0x00, 0x00, 0x1a, 0xde, 0xff, 0xff,
    0x00, 0x00, 0x00, 0x01, 0x18, 0x00, 0x00, 0x00, 0x28, 0x00, 0x00, 0x00, 0x48, 0x00, 0x00, 0x00,
    0x1d, 0x00, 0x00, 0x00, 0x00, 0x00, 0x00, 0x09, 0x98, 0x00, 0x00, 0x00, 0x04, 0x00, 0x00, 0x00,
    0xff, 0xff, 0xff, 0xff, 0x19, 0x00, 0x00, 0x00, 0x05, 0x00, 0x00, 0x00, 0x1a, 0x00, 0x00, 0x00,
    0x04, 0xde, 0xff, 0xff, 0x08, 0x00, 0x00, 0x00, 0x14, 0x00, 0x00, 0x00, 0x01, 0x00, 0x00, 0x00,
    0x80, 0xff, 0xff, 0xff, 0xff, 0xff, 0xff, 0xff, 0x00, 0x00, 0x00, 0x00, 0x01, 0x00, 0x00, 0x00,
    0xbf, 0xdc, 0x39, 0x3d, 0x55, 0x00, 0x00, 0x00, 0x6d, 0x6f, 0x64, 0x65, 0x6c, 0x2f, 0x72, 0x65,
    0x5f, 0x6c, 0x75, 0x5f, 0x34, 0x2f, 0x52, 0x65, 0x6c, 0x75, 0x3b, 0x6d, 0x6f, 0x64, 0x65, 0x6c,
    0x2f, 0x62, 0x61, 0x74, 0x63, 0x68, 0x5f, 0x6e, 0x6f, 0x72, 0x6d, 0x61, 0x6c, 0x69, 0x7a, 0x61,
    0x74, 0x69, 0x6f, 0x6e, 0x5f, 0x34, 0x2f, 0x46, 0x75, 0x73, 0x65, 0x64, 0x42, 0x61, 0x74, 0x63,
    0x68, 0x4e, 0x6f, 0x72, 0x6d, 0x56, 0x33, 0x3b, 0x6d, 0x6f, 0x64, 0x65, 0x6c, 0x2f, 0x63, 0x6f,
    0x6e, 0x76, 0x32, 0x64, 0x5f, 0x32, 0x2f, 0x43, 0x6f, 0x6e, 0x76, 0x32, 0x44, 0x00, 0x00, 0x00,
    0x04, 0x00, 0x00, 0x00, 0x01, 0x00, 0x00, 0x00, 0x19, 0x00, 0x00, 0x00, 0x05, 0x00, 0x00, 0x00,
    0x1a, 0x00, 0x00, 0x00, 0xe2, 0xde, 0xff, 0xff, 0x00, 0x00, 0x00, 0x01, 0x18, 0x00, 0x00, 0x00,
    0x28, 0x00, 0x00, 0x00, 0x44, 0x00, 0x00, 0x00, 0x1c, 0x00, 0x00, 0x00, 0x00, 0x00, 0x00, 0x09,
    0xa0, 0x00, 0x00, 0x00, 0x04, 0x00, 0x00, 0x00, 0xff, 0xff, 0xff, 0xff, 0x19, 0x00, 0x00, 0x00,
    0x05, 0x00, 0x00, 0x00, 0x18, 0x00, 0x00, 0x00, 0xcc, 0xde, 0xff, 0xff, 0x08, 0x00, 0x00, 0x00,
    0x10, 0x00, 0x00, 0x00, 0x01, 0x00, 0x00, 0x00, 0x80, 0xff, 0xff, 0xff, 0xff, 0xff, 0xff, 0xff,
    0x01, 0x00, 0x00, 0x00, 0xf0, 0x88, 0xa0, 0x3d, 0x62, 0x00, 0x00, 0x00, 0x6d, 0x6f, 0x64, 0x65,
    0x6c, 0x2f, 0x72, 0x65, 0x5f, 0x6c, 0x75, 0x5f, 0x33, 0x2f, 0x52, 0x65, 0x6c, 0x75, 0x3b, 0x6d,
    0x6f, 0x64, 0x65, 0x6c, 0x2f, 0x62, 0x61, 0x74, 0x63, 0x68, 0x5f, 0x6e, 0x6f, 0x72, 0x6d, 0x61,
    0x6c, 0x69, 0x7a, 0x61, 0x74, 0x69, 0x6f, 0x6e, 0x5f, 0x33, 0x2f, 0x46, 0x75, 0x73, 0x65, 0x64,
    0x42, 0x61, 0x74, 0x63, 0x68, 0x4e, 0x6f, 0x72, 0x6d, 0x56, 0x33, 0x3b, 0x6d, 0x6f, 0x64, 0x65,
    0x6c, 0x2f, 0x64, 0x65, 0x70, 0x74, 0x68, 0x77, 0x69, 0x73, 0x65, 0x5f, 0x63, 0x6f, 0x6e, 0x76,
    0x32, 0x64, 0x5f, 0x31, 0x2f, 0x64, 0x65, 0x70, 0x74, 0x68, 0x77, 0x69, 0x73, 0x65, 0x00, 0x00,
    0x04, 0x00, 0x00, 0x00, 0x01, 0x00, 0x00, 0x00, 0x19, 0x00, 0x00, 0x00, 0x05, 0x00, 0x00, 0x00,
    0x18, 0x00, 0x00, 0x00, 0xb2, 0xdf, 0xff, 0xff, 0x00, 0x00, 0x00, 0x01, 0x18, 0x00, 0x00, 0x00,
    0x28, 0x00, 0x00, 0x00, 0x48, 0x00, 0x00, 0x00, 0x1b, 0x00, 0x00, 0x00, 0x00, 0x00, 0x00, 0x09,
    0x98, 0x00, 0x00, 0x00, 0x04, 0x00, 0x00, 0x00, 0xff, 0xff, 0xff, 0xff, 0x19, 0x00, 0x00, 0x00,
    0x05, 0x00, 0x00, 0x00, 0x18, 0x00, 0x00, 0x00, 0x9c, 0xdf, 0xff, 0xff, 0x08, 0x00, 0x00, 0x00,
    0x14, 0x00, 0x00, 0x00, 0x01, 0x00, 0x00, 0x00, 0x80, 0xff, 0xff, 0xff, 0xff, 0xff, 0xff, 0xff,
    0x00, 0x00, 0x00, 0x00, 0x01, 0x00, 0x00, 0x00, 0xae, 0x88, 0xa2, 0x3d, 0x55, 0x00, 0x00, 0x00,
    0x6d, 0x6f, 0x64, 0x65, 0x6c, 0x2f, 0x72, 0x65, 0x5f, 0x6c, 0x75, 0x5f, 0x32, 0x2f, 0x52, 0x65,
    0x6c, 0x75, 0x3b, 0x6d, 0x6f, 0x64, 0x65, 0x6c, 0x2f, 0x62, 0x61, 0x74, 0x63, 0x68, 0x5f, 0x6e,
    0x6f, 0x72, 0x6d, 0x61, 0x6c, 0x69, 0x7a, 0x61, 0x74, 0x69, 0x6f, 0x6e, 0x5f, 0x32, 0x2f, 0x46,
    0x75, 0x73, 0x65, 0x64, 0x42, 0x61, 0x74, 0x63, 0x68, 0x4e, 0x6f, 0x72, 0x6d, 0x56, 0x33, 0x3b,
    0x6d, 0x6f, 0x64, 0x65, 0x6c, 0x2f, 0x63, 0x6f, 0x6e, 0x76, 0x32, 0x64, 0x5f, 0x31, 0x2f, 0x43,
    0x6f, 0x6e, 0x76, 0x32, 0x44, 0x00, 0x00, 0x00, 0x04, 0x00, 0x00, 0x00, 0x01, 0x00, 0x00, 0x00,
    0x19, 0x00, 0x00, 0x00, 0x05, 0x00, 0x00, 0x00, 0x18, 0x00, 0x00, 0x00, 0x7a, 0xe0, 0xff, 0xff,
    0x00, 0x00, 0x00, 0x01, 0x18, 0x00, 0x00, 0x00, 0x28, 0x00, 0x00, 0x00, 0x44, 0x00, 0x00, 0x00,
    0x1a, 0x00, 0x00, 0x00, 0x00, 0x00, 0x00, 0x09, 0xa0, 0x00, 0x00, 0x00, 0x04, 0x00, 0x00, 0x00,
    0xff, 0xff, 0xff, 0xff, 0x19, 0x00, 0x00, 0x00, 0x05, 0x00, 0x00, 0x00, 0x19, 0x00, 0x00, 0x00,
    0x64, 0xe0, 0xff, 0xff, 0x08, 0x00, 0x00, 0x00, 0x10, 0x00, 0x00, 0x00, 0x01, 0x00, 0x00, 0x00,
    0x80, 0xff, 0xff, 0xff, 0xff, 0xff, 0xff, 0xff, 0x01, 0x00, 0x00, 0x00, 0x83, 0x7b, 0xd5, 0x3d,
    0x60, 0x00, 0x00, 0x00, 0x6d, 0x6f, 0x64, 0x65, 0x6c, 0x2f, 0x72, 0x65, 0x5f, 0x6c, 0x75, 0x5f,
    0x31, 0x2f, 0x52, 0x65, 0x6c, 0x75, 0x3b, 0x6d, 0x6f, 0x64, 0x65, 0x6c, 0x2f, 0x62, 0x61, 0x74,
    0x63, 0x68, 0x5f, 0x6e, 0x6f, 0x72, 0x6d, 0x61, 0x6c, 0x69, 0x7a, 0x61, 0x74, 0x69, 0x6f, 0x6e,
    0x5f, 0x31, 0x2f, 0x46, 0x75, 0x73, 0x65, 0x64, 0x42, 0x61, 0x74, 0x63, 0x68, 0x4e, 0x6f, 0x72,
    0x6d, 0x56, 0x33, 0x3b, 0x6d, 0x6f, 0x64, 0x65, 0x6c, 0x2f, 0x64, 0x65, 0x70, 0x74, 0x68, 0x77,
    0x69, 0x73, 0x65, 0x5f, 0x63, 0x6f, 0x6e, 0x76, 0x32, 0x64, 0x2f, 0x64, 0x65, 0x70, 0x74, 0x68,
    0x77, 0x69, 0x73, 0x65, 0x00, 0x00, 0x00, 0x00, 0x04, 0x00, 0x00, 0x00, 0x01, 0x00, 0x00, 0x00,
    0x19, 0x00, 0x00, 0x00, 0x05, 0x00, 0x00, 0x00, 0x19, 0x00, 0x00, 0x00, 0x4a, 0xe1, 0xff, 0xff,
    0x00, 0x00, 0x00, 0x01, 0x18, 0x00, 0x00, 0x00, 0x28, 0x00, 0x00, 0x00, 0x48, 0x00, 0x00, 0x00,
    0x19, 0x00, 0x00, 0x00, 0x00, 0x00, 0x00, 0x09, 0x90, 0x00, 0x00, 0x00, 0x04, 0x00, 0x00, 0x00,
    0xff, 0xff, 0xff, 0xff, 0x19, 0x00, 0x00, 0x00, 0x05, 0x00, 0x00, 0x00, 0x19, 0x00, 0x00, 0x00,
    0x34, 0xe1, 0xff, 0xff, 0x08, 0x00, 0x00, 0x00, 0x14, 0x00, 0x00, 0x00, 0x01, 0x00, 0x00, 0x00,
    0x80, 0xff, 0xff, 0xff, 0xff, 0xff, 0xff, 0xff, 0x00, 0x00, 0x00, 0x00, 0x01, 0x00, 0x00, 0x00,
    0x9c, 0x86, 0xd9, 0x3d, 0x4f, 0x00, 0x00, 0x00, 0x6d, 0x6f, 0x64, 0x65, 0x6c, 0x2f, 0x72, 0x65,
    0x5f, 0x6c, 0x75, 0x2f, 0x52, 0x65, 0x6c, 0x75, 0x3b, 0x6d, 0x6f, 0x64, 0x65, 0x6c, 0x2f, 0x62,
    0x61, 0x74, 0x63, 0x68, 0x5f, 0x6e, 0x6f, 0x72, 0x6d, 0x61, 0x6c, 0x69, 0x7a, 0x61, 0x74, 0x69,
    0x6f, 0x6e, 0x2f, 0x46, 0x75, 0x73, 0x65, 0x64, 0x42, 0x61, 0x74, 0x63, 0x68, 0x4e, 0x6f, 0x72,
    0x6d, 0x56, 0x33, 0x3b, 0x6d, 0x6f, 0x64, 0x65, 0x6c, 0x2f, 0x63, 0x6f, 0x6e, 0x76, 0x32, 0x64,
    0x2f, 0x43, 0x6f, 0x6e, 0x76, 0x32, 0x44, 0x00, 0x04, 0x00, 0x00, 0x00, 0x01, 0x00, 0x00, 0x00,
    0x19, 0x00, 0x00, 0x00, 0x05, 0x00, 0x00, 0x00, 0x19, 0x00, 0x00, 0x00, 0x0a, 0xe2, 0xff, 0xff,
    0x00, 0x00, 0x00, 0x01, 0x18, 0x00, 0x00, 0x00, 0x28, 0x00, 0x00, 0x00, 0x44, 0x00, 0x00, 0x00,
    0x18, 0x00, 0x00, 0x00, 0x00, 0x00, 0x00, 0x09, 0x58, 0x00, 0x00, 0x00, 0x04, 0x00, 0x00, 0x00,
    0xff, 0xff, 0xff, 0xff, 0x3a, 0x00, 0x00, 0x00, 0x0c, 0x00, 0x00, 0x00, 0x01, 0x00, 0x00, 0x00,
    0xf4, 0xe1, 0xff, 0xff, 0x08, 0x00, 0x00, 0x00, 0x10, 0x00, 0x00, 0x00, 0x01, 0x00, 0x00, 0x00,
    0x51, 0x00, 0x00, 0x00, 0x00, 0x00, 0x00, 0x00, 0x01, 0x00, 0x00, 0x00, 0x82, 0x09, 0x17, 0x3f,
    0x18, 0x00, 0x00, 0x00, 0x6d, 0x6f, 0x64, 0x65, 0x6c, 0x2f, 0x7a, 0x65, 0x72, 0x6f, 0x5f, 0x70,
    0x61, 0x64, 0x64, 0x69, 0x6e, 0x67, 0x32, 0x64, 0x2f, 0x50, 0x61, 0x64, 0x00, 0x00, 0x00, 0x00,
    0x04, 0x00, 0x00, 0x00, 0x01, 0x00, 0x00, 0x00, 0x3a, 0x00, 0x00, 0x00, 0x0c, 0x00, 0x00, 0x00,
    0x01, 0x00, 0x00, 0x00, 0xee, 0xe2, 0xff, 0xff, 0x00, 0x00, 0x00, 0x01, 0x14, 0x00, 0x00, 0x00,
    0x50, 0x01, 0x00, 0x00, 0x17, 0x00, 0x00, 0x00, 0x00, 0x00, 0x00, 0x09, 0x5c, 0x01, 0x00, 0x00,
    0x64, 0xe2, 0xff, 0xff, 0x08, 0x00, 0x00, 0x00, 0xd0, 0x00, 0x00, 0x00, 0x19, 0x00, 0x00, 0x00,
    0x00, 0x00, 0x00, 0x00, 0x00, 0x00, 0x00, 0x00, 0x00, 0x00, 0x00, 0x00, 0x00, 0x00, 0x00, 0x00,
    0x00, 0x00, 0x00, 0x00, 0x00, 0x00, 0x00, 0x00, 0x00, 0x00, 0x00, 0x00, 0x00, 0x00, 0x00, 0x00,
    0x00, 0x00, 0x00, 0x00, 0x00, 0x00, 0x00, 0x00, 0x00, 0x00, 0x00, 0x00, 0x00, 0x00, 0x00, 0x00,
    0x00, 0x00, 0x00, 0x00, 0x00, 0x00, 0x00, 0x00, 0x00, 0x00, 0x00, 0x00, 0x00, 0x00, 0x00, 0x00,
    0x00, 0x00, 0x00, 0x00, 0x00, 0x00, 0x00, 0x00, 0x00, 0x00, 0x00, 0x00, 0x00, 0x00, 0x00, 0x00,
    0x00, 0x00, 0x00, 0x00, 0x00, 0x00, 0x00, 0x00, 0x00, 0x00, 0x00, 0x00, 0x00, 0x00, 0x00, 0x00,
    0x00, 0x00, 0x00, 0x00, 0x00, 0x00, 0x00, 0x00, 0x00, 0x00, 0x00, 0x00, 0x00, 0x00, 0x00, 0x00,
    0x00, 0x00, 0x00, 0x00, 0x00, 0x00, 0x00, 0x00, 0x00, 0x00, 0x00, 0x00, 0x00, 0x00, 0x00, 0x00,
    0x00, 0x00, 0x00, 0x00, 0x00, 0x00, 0x00, 0x00, 0x00, 0x00, 0x00, 0x00, 0x00, 0x00, 0x00, 0x00,
    0x00, 0x00, 0x00, 0x00, 0x00, 0x00, 0x00, 0x00, 0x00, 0x00, 0x00, 0x00, 0x00, 0x00, 0x00, 0x00,
    0x00, 0x00, 0x00, 0x00, 0x00, 0x00, 0x00, 0x00, 0x00, 0x00, 0x00, 0x00, 0x00, 0x00, 0x00, 0x00,
    0x00, 0x00, 0x00, 0x00, 0x00, 0x00, 0x00, 0x00, 0x00, 0x00, 0x00, 0x00, 0x00, 0x00, 0x00, 0x00,
    0x00, 0x00, 0x00, 0x00, 0x00, 0x00, 0x00, 0x00, 0x19, 0x00, 0x00, 0x00, 0x65, 0xaf, 0x75, 0x3a,
    0x06, 0x34, 0x67, 0x3a, 0x21, 0x28, 0xe0, 0x39, 0xb8, 0x72, 0x18, 0x3a, 0x38, 0xf8, 0xc6, 0x39,
    0xb4, 0x40, 0x61, 0x3a, 0xe0, 0x20, 0xba, 0x39, 0x63, 0x78, 0x96, 0x3a, 0x2c, 0xef, 0xe0, 0x3a,
    0xe2, 0xf9, 0xbc, 0x39, 0xf8, 0x72, 0xf7, 0x39, 0xc6, 0x7d, 0x91, 0x39, 0x0c, 0x4b, 0x3f, 0x3a,
    0xe8, 0xb7, 0x03, 0x3a, 0xac, 0xd1, 0x36, 0x3a, 0xcb, 0x4f, 0xe7, 0x39, 0x34, 0x67, 0x1a, 0x3a,
    0x1d, 0x66, 0x81, 0x3a, 0xb2, 0xb9, 0x83, 0x3a, 0x1f, 0xac, 0xdb, 0x39, 0x75, 0xb8, 0x07, 0x3a,
    0xa8, 0x3e, 0x1b, 0x3a, 0x1f, 0x07, 0x37, 0x3a, 0x20, 0xf5, 0xd8, 0x39, 0xb3, 0xe4, 0xbd, 0x39,
    0x13, 0x00, 0x00, 0x00, 0x74, 0x66, 0x6c, 0x2e, 0x70, 0x73, 0x65, 0x75, 0x64, 0x6f, 0x5f, 0x71,
    0x63, 0x6f, 0x6e, 0x73, 0x74, 0x31, 0x39, 0x00, 0x04, 0x00, 0x00, 0x00, 0x19, 0x00, 0x00, 0x00,
    0x0a, 0x00, 0x00, 0x00, 0x04, 0x00, 0x00, 0x00, 0x01, 0x00, 0x00, 0x00, 0x76, 0xe4, 0xff, 0xff,
    0x00, 0x00, 0x00, 0x01, 0x14, 0x00, 0x00, 0x00, 0x50, 0x01, 0x00, 0x00, 0x16, 0x00, 0x00, 0x00,
    0x00, 0x00, 0x00, 0x02, 0x5c, 0x01, 0x00, 0x00, 0xec, 0xe3, 0xff, 0xff, 0x08, 0x00, 0x00, 0x00,
    0xd0, 0x00, 0x00, 0x00, 0x19, 0x00, 0x00, 0x00, 0x00, 0x00, 0x00, 0x00, 0x00, 0x00, 0x00, 0x00,
    0x00, 0x00, 0x00, 0x00, 0x00, 0x00, 0x00, 0x00, 0x00, 0x00, 0x00, 0x00, 0x00, 0x00, 0x00, 0x00,
    0x00, 0x00, 0x00, 0x00, 0x00, 0x00, 0x00, 0x00, 0x00, 0x00, 0x00, 0x00, 0x00, 0x00, 0x00, 0x00,
    0x00, 0x00, 0x00, 0x00, 0x00, 0x00, 0x00, 0x00, 0x00, 0x00, 0x00, 0x00, 0x00, 0x00, 0x00, 0x00,
    0x00, 0x00, 0x00, 0x00, 0x00, 0x00, 0x00, 0x00, 0x00, 0x00, 0x00, 0x00, 0x00, 0x00, 0x00, 0x00,
    0x00, 0x00, 0x00, 0x00, 0x00, 0x00, 0x00, 0x00, 0x00, 0x00, 0x00, 0x00, 0x00, 0x00, 0x00, 0x00,
    0x00, 0x00, 0x00, 0x00, 0x00, 0x00, 0x00, 0x00, 0x00, 0x00, 0x00, 0x00, 0x00, 0x00, 0x00, 0x00,
    0x00, 0x00, 0x00, 0x00, 0x00, 0x00, 0x00, 0x00, 0x00, 0x00, 0x00, 0x00, 0x00, 0x00, 0x00, 0x00,
    0x00, 0x00, 0x00, 0x00, 0x00, 0x00, 0x00, 0x00, 0x00, 0x00, 0x00, 0x00, 0x00, 0x00, 0x00, 0x00,
    0x00, 0x00, 0x00, 0x00, 0x00, 0x00, 0x00, 0x00, 0x00, 0x00, 0x00, 0x00, 0x00, 0x00, 0x00, 0x00,
    0x00, 0x00, 0x00, 0x00, 0x00, 0x00, 0x00, 0x00, 0x00, 0x00, 0x00, 0x00, 0x00, 0x00, 0x00, 0x00,
    0x00, 0x00, 0x00, 0x00, 0x00, 0x00, 0x00, 0x00, 0x00, 0x00, 0x00, 0x00, 0x00, 0x00, 0x00, 0x00,
    0x00, 0x00, 0x00, 0x00, 0x00, 0x00, 0x00, 0x00, 0x00, 0x00, 0x00, 0x00, 0x00, 0x00, 0x00, 0x00,
    0x19, 0x00, 0x00, 0x00, 0x95, 0xf3, 0x10, 0x3a, 0x46, 0x68, 0x08, 0x3a, 0xff, 0x3f, 0x84, 0x39,
    0xa8, 0xe2, 0xb3, 0x39, 0x9a, 0xc7, 0x6a, 0x39, 0x88, 0xe5, 0x04, 0x3a, 0x9c, 0xa0, 0x5b, 0x39,
    0x32, 0x8d, 0x31, 0x3a, 0x6e, 0xb5, 0x84, 0x3a, 0xd2, 0xfc, 0x5e, 0x39, 0x01, 0xfe, 0x91, 0x39,
    0x2e, 0xad, 0x2b, 0x39, 0xbe, 0xb8, 0xe1, 0x39, 0xbc, 0x6c, 0x9b, 0x39, 0xed, 0xb8, 0xd7, 0x39,
    0xa8, 0x78, 0x88, 0x39, 0x37, 0x31, 0xb6, 0x39, 0x13, 0xb0, 0x18, 0x3a, 0xd9, 0x6e, 0x1b, 0x3a,
    0xaf, 0x9a, 0x81, 0x39, 0xaf, 0x25, 0xa0, 0x39, 0x72, 0x2f, 0xb7, 0x39, 0xff, 0xf7, 0xd7, 0x39,
    0xa5, 0x00, 0x80, 0x39, 0xe6, 0x11, 0x60, 0x39, 0x13, 0x00, 0x00, 0x00, 0x74, 0x66, 0x6c, 0x2e,
    0x70, 0x73, 0x65, 0x75, 0x64, 0x6f, 0x5f, 0x71, 0x63, 0x6f, 0x6e, 0x73, 0x74, 0x31, 0x38, 0x00,
    0x01, 0x00, 0x00, 0x00, 0x19, 0x00, 0x00, 0x00, 0xf2, 0xe5, 0xff, 0xff, 0x00, 0x00, 0x00, 0x01,
    0x14, 0x00, 0x00, 0x00, 0x54, 0x01, 0x00, 0x00, 0x15, 0x00, 0x00, 0x00, 0x00, 0x00, 0x00, 0x09,
    0x60, 0x01, 0x00, 0x00, 0x5a, 0xed, 0xff, 0xff, 0x03, 0x00, 0x00, 0x00, 0x08, 0x00, 0x00, 0x00,
    0xd0, 0x00, 0x00, 0x00, 0x19, 0x00, 0x00, 0x00, 0x00, 0x00, 0x00, 0x00, 0x00, 0x00, 0x00, 0x00,
    0x00, 0x00, 0x00, 0x00, 0x00, 0x00, 0x00, 0x00, 0x00, 0x00, 0x00, 0x00, 0x00, 0x00, 0x00, 0x00,
    0x00, 0x00, 0x00, 0x00, 0x00, 0x00, 0x00, 0x00, 0x00, 0x00, 0x00, 0x00, 0x00, 0x00, 0x00, 0x00,
    0x00, 0x00, 0x00, 0x00, 0x00, 0x00, 0x00, 0x00, 0x00, 0x00, 0x00, 0x00, 0x00, 0x00, 0x00, 0x00,
    0x00, 0x00, 0x00, 0x00, 0x00, 0x00, 0x00, 0x00, 0x00, 0x00, 0x00, 0x00, 0x00, 0x00, 0x00, 0x00,
    0x00, 0x00, 0x00, 0x00, 0x00, 0x00, 0x00, 0x00, 0x00, 0x00, 0x00, 0x00, 0x00, 0x00, 0x00, 0x00,
    0x00, 0x00, 0x00, 0x00, 0x00, 0x00, 0x00, 0x00, 0x00, 0x00, 0x00, 0x00, 0x00, 0x00, 0x00, 0x00,
    0x00, 0x00, 0x00, 0x00, 0x00, 0x00, 0x00, 0x00, 0x00, 0x00, 0x00, 0x00, 0x00, 0x00, 0x00, 0x00,
    0x00, 0x00, 0x00, 0x00, 0x00, 0x00, 0x00, 0x00, 0x00, 0x00, 0x00, 0x00, 0x00, 0x00, 0x00, 0x00,
    0x00, 0x00, 0x00, 0x00, 0x00, 0x00, 0x00, 0x00, 0x00, 0x00, 0x00, 0x00, 0x00, 0x00, 0x00, 0x00,
    0x00, 0x00, 0x00, 0x00, 0x00, 0x00, 0x00, 0x00, 0x00, 0x00, 0x00, 0x00, 0x00, 0x00, 0x00, 0x00,
    0x00, 0x00, 0x00, 0x00, 0x00, 0x00, 0x00, 0x00, 0x00, 0x00, 0x00, 0x00, 0x00, 0x00, 0x00, 0x00,
    0x00, 0x00, 0x00, 0x00, 0x00, 0x00, 0x00, 0x00, 0x00, 0x00, 0x00, 0x00, 0x00, 0x00, 0x00, 0x00,
    0x19, 0x00, 0x00, 0x00, 0x46, 0x37, 0xbb, 0x3b, 0xa6, 0xce, 0x8d, 0x3c, 0xe8, 0xad, 0x5a, 0x3c,
    0xb1, 0x98, 0xb5, 0x3c, 0x04, 0xd6, 0x12, 0x3c, 0xc6, 0x77, 0x0f, 0x3c, 0x5a, 0xf4, 0x2b, 0x3c,
    0x2d, 0x6e, 0xf9, 0x3b, 0x77, 0x0b, 0x09, 0x3c, 0xdd, 0xc4, 0x34, 0x3c, 0x1d, 0x15, 0xfc, 0x3b,
    0x05, 0x53, 0x10, 0x3c, 0x24, 0x3c, 0x06, 0x3c, 0x04, 0xf0, 0x61, 0x3c, 0x29, 0x36, 0xe7, 0x3b,
    0xae, 0xd6, 0xec, 0x3b, 0xa8, 0xb7, 0x52, 0x3c, 0x07, 0x74, 0x4e, 0x3c, 0xba, 0x88, 0x03, 0x3c,
    0xdd, 0x88, 0xd7, 0x3b, 0xae, 0xeb, 0xe2, 0x3b, 0x74, 0xdf, 0x05, 0x3c, 0x2f, 0x5a, 0xd3, 0x3b,
    0xf2, 0x55, 0x2e, 0x3c, 0xb4, 0x3c, 0x31, 0x3c, 0x13, 0x00, 0x00, 0x00, 0x74, 0x66, 0x6c, 0x2e,
    0x70, 0x73, 0x65, 0x75, 0x64, 0x6f, 0x5f, 0x71, 0x63, 0x6f, 0x6e, 0x73, 0x74, 0x31, 0x37, 0x00,
    0x04, 0x00, 0x00, 0x00, 0x01, 0x00, 0x00, 0x00, 0x03, 0x00, 0x00, 0x00, 0x03, 0x00, 0x00, 0x00,
    0x19, 0x00, 0x00, 0x00, 0x7e, 0xe7, 0xff, 0xff, 0x00, 0x00, 0x00, 0x01, 0x14, 0x00, 0x00, 0x00,
    0x54, 0x01, 0x00, 0x00, 0x14, 0x00, 0x00, 0x00, 0x00, 0x00, 0x00, 0x02, 0x60, 0x01, 0x00, 0x00,
    0xf4, 0xe6, 0xff, 0xff, 0x08, 0x00, 0x00, 0x00, 0xd4, 0x00, 0x00, 0x00, 0x19, 0x00, 0x00, 0x00,
    0x00, 0x00, 0x00, 0x00, 0x00, 0x00, 0x00, 0x00, 0x00, 0x00, 0x00, 0x00, 0x00, 0x00, 0x00, 0x00,
    0x00, 0x00, 0x00, 0x00, 0x00, 0x00, 0x00, 0x00, 0x00, 0x00, 0x00, 0x00, 0x00, 0x00, 0x00, 0x00,
    0x00, 0x00, 0x00, 0x00, 0x00, 0x00, 0x00, 0x00, 0x00, 0x00, 0x00, 0x00, 0x00, 0x00, 0x00, 0x00,
    0x00, 0x00, 0x00, 0x00, 0x00, 0x00, 0x00, 0x00, 0x00, 0x00, 0x00, 0x00, 0x00, 0x00, 0x00, 0x00,
    0x00, 0x00, 0x00, 0x00, 0x00, 0x00, 0x00, 0x00, 0x00, 0x00, 0x00, 0x00, 0x00, 0x00, 0x00, 0x00,
    0x00, 0x00, 0x00, 0x00, 0x00, 0x00, 0x00, 0x00, 0x00, 0x00, 0x00, 0x00, 0x00, 0x00, 0x00, 0x00,
    0x00, 0x00, 0x00, 0x00, 0x00, 0x00, 0x00, 0x00, 0x00, 0x00, 0x00, 0x00, 0x00, 0x00, 0x00, 0x00,
    0x00, 0x00, 0x00, 0x00, 0x00, 0x00, 0x00, 0x00, 0x00, 0x00, 0x00, 0x00, 0x00, 0x00, 0x00, 0x00,
    0x00, 0x00, 0x00, 0x00, 0x00, 0x00, 0x00, 0x00, 0x00, 0x00, 0x00, 0x00, 0x00, 0x00, 0x00, 0x00,
    0x00, 0x00, 0x00, 0x00, 0x00, 0x00, 0x00, 0x00, 0x00, 0x00, 0x00, 0x00, 0x00, 0x00, 0x00, 0x00,
    0x00, 0x00, 0x00, 0x00, 0x00, 0x00, 0x00, 0x00, 0x00, 0x00, 0x00, 0x00, 0x00, 0x00, 0x00, 0x00,
    0x00, 0x00, 0x00, 0x00, 0x00, 0x00, 0x00, 0x00, 0x00, 0x00, 0x00, 0x00, 0x00, 0x00, 0x00, 0x00,
    0x00, 0x00, 0x00, 0x00, 0x00, 0x00, 0x00, 0x00, 0x00, 0x00, 0x00, 0x00, 0x19, 0x00, 0x00, 0x00,
    0x4b, 0x14, 0x1f, 0x3a, 0x77, 0xfd, 0xf0, 0x3a, 0x66, 0xd0, 0xb9, 0x3a, 0xeb, 0x4d, 0x1a, 0x3b,
    0x3e, 0x89, 0x79, 0x3a, 0xee, 0xcf, 0x73, 0x3a, 0x8b, 0x1c, 0x92, 0x3a, 0x8c, 0xf1, 0x53, 0x3a,
    0x8f, 0xe5, 0x68, 0x3a, 0xed, 0x99, 0x99, 0x3a, 0x72, 0x32, 0x56, 0x3a, 0x85, 0x44, 0x75, 0x3a,
    0x20, 0x1f, 0x64, 0x3a, 0x41, 0xfb, 0xbf, 0x3a, 0x7c, 0x76, 0x44, 0x3a, 0x82, 0x3e, 0x49, 0x3a,
    0x7a, 0x0c, 0xb3, 0x3a, 0xe8, 0x6c, 0xaf, 0x3a, 0x1f, 0x88, 0x5f, 0x3a, 0x58, 0x24, 0x37, 0x3a,
    0x18, 0xd1, 0x40, 0x3a, 0x9c, 0x81, 0x63, 0x3a, 0x94, 0x96, 0x33, 0x3a, 0x85, 0x22, 0x94, 0x3a,
    0xa6, 0x99, 0x96, 0x3a, 0x13, 0x00, 0x00, 0x00, 0x74, 0x66, 0x6c, 0x2e, 0x70, 0x73, 0x65, 0x75,
    0x64, 0x6f, 0x5f, 0x71, 0x63, 0x6f, 0x6e, 0x73, 0x74, 0x31, 0x36, 0x00, 0x01, 0x00, 0x00, 0x00,
    0x19, 0x00, 0x00, 0x00, 0xfe, 0xe8, 0xff, 0xff, 0x00, 0x00, 0x00, 0x01, 0x14, 0x00, 0x00, 0x00,
    0x48, 0x01, 0x00, 0x00, 0x13, 0x00, 0x00, 0x00, 0x00, 0x00, 0x00, 0x09, 0x54, 0x01, 0x00, 0x00,
    0x74, 0xe8, 0xff, 0xff, 0x08, 0x00, 0x00, 0x00, 0xcc, 0x00, 0x00, 0x00, 0x18, 0x00, 0x00, 0x00,
    0x00, 0x00, 0x00, 0x00, 0x00, 0x00, 0x00, 0x00, 0x00, 0x00, 0x00, 0x00, 0x00, 0x00, 0x00, 0x00,
    0x00, 0x00, 0x00, 0x00, 0x00, 0x00, 0x00, 0x00, 0x00, 0x00, 0x00, 0x00, 0x00, 0x00, 0x00, 0x00,
    0x00, 0x00, 0x00, 0x00, 0x00, 0x00, 0x00, 0x00, 0x00, 0x00, 0x00, 0x00, 0x00, 0x00, 0x00, 0x00,
    0x00, 0x00, 0x00, 0x00, 0x00, 0x00, 0x00, 0x00, 0x00, 0x00, 0x00, 0x00, 0x00, 0x00, 0x00, 0x00,
    0x00, 0x00, 0x00, 0x00, 0x00, 0x00, 0x00, 0x00, 0x00, 0x00, 0x00, 0x00, 0x00, 0x00, 0x00, 0x00,
    0x00, 0x00, 0x00, 0x00, 0x00, 0x00, 0x00, 0x00, 0x00, 0x00, 0x00, 0x00, 0x00, 0x00, 0x00, 0x00,
    0x00, 0x00, 0x00, 0x00, 0x00, 0x00, 0x00, 0x00, 0x00, 0x00, 0x00, 0x00, 0x00, 0x00, 0x00, 0x00,
    0x00, 0x00, 0x00, 0x00, 0x00, 0x00, 0x00, 0x00, 0x00, 0x00, 0x00, 0x00, 0x00, 0x00, 0x00, 0x00,
    0x00, 0x00, 0x00, 0x00, 0x00, 0x00, 0x00, 0x00, 0x00, 0x00, 0x00, 0x00, 0x00, 0x00, 0x00, 0x00,
    0x00, 0x00, 0x00, 0x00, 0x00, 0x00, 0x00, 0x00, 0x00, 0x00, 0x00, 0x00, 0x00, 0x00, 0x00, 0x00,
    0x00, 0x00, 0x00, 0x00, 0x00, 0x00, 0x00, 0x00, 0x00, 0x00, 0x00, 0x00, 0x00, 0x00, 0x00, 0x00,
    0x00, 0x00, 0x00, 0x00, 0x00, 0x00, 0x00, 0x00, 0x00, 0x00, 0x00, 0x00, 0x00, 0x00, 0x00, 0x00,
    0x00, 0x00, 0x00, 0x00, 0x18, 0x00, 0x00, 0x00, 0x6b, 0x2d, 0x88, 0x3b, 0xf3, 0x9d, 0x96, 0x3b,
    0x99, 0x80, 0xc8, 0x3b, 0x84, 0xab, 0x32, 0x3b, 0x74, 0x71, 0xbc, 0x3b, 0x7c, 0x33, 0x67, 0x3b,
    0x31, 0x0e, 0x89, 0x3b, 0x6a, 0x3b, 0x8b, 0x3b, 0xa1, 0x41, 0x29, 0x3b, 0x0a, 0x05, 0xb5, 0x3b,
    0xb4, 0x11, 0x87, 0x3b, 0xc2, 0x65, 0x93, 0x3b, 0x0f, 0x45, 0x42, 0x3b, 0xba, 0xd7, 0x64, 0x3b,
    0x54, 0x3a, 0x81, 0x3b, 0xf4, 0x7c, 0x76, 0x3b, 0x25, 0xa1, 0xab, 0x3b, 0xf6, 0x26, 0x4f, 0x3b,
    0x89, 0x62, 0x5d, 0x3b, 0x1d, 0x7a, 0x45, 0x3b, 0xe4, 0x59, 0x35, 0x3b, 0xd4, 0x46, 0xb2, 0x3b,
    0xf2, 0xe8, 0x94, 0x3b, 0x6a, 0xfc, 0x2c, 0x3b, 0x13, 0x00, 0x00, 0x00, 0x74, 0x66, 0x6c, 0x2e,
    0x70, 0x73, 0x65, 0x75, 0x64, 0x6f, 0x5f, 0x71, 0x63, 0x6f, 0x6e, 0x73, 0x74, 0x31, 0x35, 0x00,
    0x04, 0x00, 0x00, 0x00, 0x18, 0x00, 0x00, 0x00, 0x01, 0x00, 0x00, 0x00, 0x01, 0x00, 0x00, 0x00,
    0x19, 0x00, 0x00, 0x00, 0x7e, 0xea, 0xff, 0xff, 0x00, 0x00, 0x00, 0x01, 0x14, 0x00, 0x00, 0x00,
    0x48, 0x01, 0x00, 0x00, 0x12, 0x00, 0x00, 0x00, 0x00, 0x00, 0x00, 0x02, 0x54, 0x01, 0x00, 0x00,
    0xf4, 0xe9, 0xff, 0xff, 0x08, 0x00, 0x00, 0x00, 0xcc, 0x00, 0x00, 0x00, 0x18, 0x00, 0x00, 0x00,
    0x00, 0x00, 0x00, 0x00, 0x00, 0x00, 0x00, 0x00, 0x00, 0x00, 0x00, 0x00, 0x00, 0x00, 0x00, 0x00,
    0x00, 0x00, 0x00, 0x00, 0x00, 0x00, 0x00, 0x00, 0x00, 0x00, 0x00, 0x00, 0x00, 0x00, 0x00, 0x00,
    0x00, 0x00, 0x00, 0x00, 0x00, 0x00, 0x00, 0x00, 0x00, 0x00, 0x00, 0x00, 0x00, 0x00, 0x00, 0x00,
    0x00, 0x00, 0x00, 0x00, 0x00, 0x00, 0x00, 0x00, 0x00, 0x00, 0x00, 0x00, 0x00, 0x00, 0x00, 0x00,
    0x00, 0x00, 0x00, 0x00, 0x00, 0x00, 0x00, 0x00, 0x00, 0x00, 0x00, 0x00, 0x00, 0x00, 0x00, 0x00,
    0x00, 0x00, 0x00, 0x00, 0x00, 0x00, 0x00, 0x00, 0x00, 0x00, 0x00, 0x00, 0x00, 0x00, 0x00, 0x00,
    0x00, 0x00, 0x00, 0x00, 0x00, 0x00, 0x00, 0x00, 0x00, 0x00, 0x00, 0x00, 0x00, 0x00, 0x00, 0x00,
    0x00, 0x00, 0x00, 0x00, 0x00, 0x00, 0x00, 0x00, 0x00, 0x00, 0x00, 0x00, 0x00, 0x00, 0x00, 0x00,
    0x00, 0x00, 0x00, 0x00, 0x00, 0x00, 0x00, 0x00, 0x00, 0x00, 0x00, 0x00, 0x00, 0x00, 0x00, 0x00,
    0x00, 0x00, 0x00, 0x00, 0x00, 0x00, 0x00, 0x00, 0x00, 0x00, 0x00, 0x00, 0x00, 0x00, 0x00, 0x00,
    0x00, 0x00, 0x00, 0x00, 0x00, 0x00, 0x00, 0x00, 0x00, 0x00, 0x00, 0x00, 0x00, 0x00, 0x00, 0x00,
    0x00, 0x00, 0x00, 0x00, 0x00, 0x00, 0x00, 0x00, 0x00, 0x00, 0x00, 0x00, 0x00, 0x00, 0x00, 0x00,
    0x00, 0x00, 0x00, 0x00, 0x18, 0x00, 0x00, 0x00, 0xfb, 0x1e, 0xe3, 0x39, 0x2c, 0x34, 0xfb, 0x39,
    0xbc, 0x33, 0x27, 0x3a, 0xe9, 0xfe, 0x94, 0x39, 0x50, 0x25, 0x1d, 0x3a, 0x62, 0xcd, 0xc0, 0x39,
    0xdd, 0x95, 0xe4, 0x39, 0x38, 0x37, 0xe8, 0x39, 0x44, 0x25, 0x8d, 0x39, 0x87, 0xf4, 0x16, 0x3a,
    0xcb, 0x45, 0xe1, 0x39, 0x8f, 0xd5, 0xf5, 0x39, 0x30, 0x01, 0xa2, 0x39, 0xe7, 0xd5, 0xbe, 0x39,
    0xc2, 0x87, 0xd7, 0x39, 0xe3, 0x8c, 0xcd, 0x39, 0xe2, 0x1f, 0x0f, 0x3a, 0x5c, 0xbf, 0xac, 0x39,
    0xcc, 0x9d, 0xb8, 0x39, 0xe1, 0xad, 0xa4, 0x39, 0x4a, 0x3b, 0x97, 0x39, 0xf2, 0xaa, 0x14, 0x3a,
    0x53, 0x5b, 0xf8, 0x39, 0x7a, 0x41, 0x90, 0x39, 0x13, 0x00, 0x00, 0x00, 0x74, 0x66, 0x6c, 0x2e,
    0x70, 0x73, 0x65, 0x75, 0x64, 0x6f, 0x5f, 0x71, 0x63, 0x6f, 0x6e, 0x73, 0x74, 0x31, 0x34, 0x00,
    0x01, 0x00, 0x00, 0x00, 0x18, 0x00, 0x00, 0x00, 0xf2, 0xeb, 0xff, 0xff, 0x00, 0x00, 0x00, 0x01,
    0x14, 0x00, 0x00, 0x00, 0x4c, 0x01, 0x00, 0x00, 0x11, 0x00, 0x00, 0x00, 0x00, 0x00, 0x00, 0x09,
    0x58, 0x01, 0x00, 0x00, 0x5a, 0xf3, 0xff, 0xff, 0x03, 0x00, 0x00, 0x00, 0x08, 0x00, 0x00, 0x00,
    0xcc, 0x00, 0x00, 0x00, 0x18, 0x00, 0x00, 0x00, 0x00, 0x00, 0x00, 0x00, 0x00, 0x00, 0x00, 0x00,
    0x00, 0x00, 0x00, 0x00, 0x00, 0x00, 0x00, 0x00, 0x00, 0x00, 0x00, 0x00, 0x00, 0x00, 0x00, 0x00,
    0x00, 0x00, 0x00, 0x00, 0x00, 0x00, 0x00, 0x00, 0x00, 0x00, 0x00, 0x00, 0x00, 0x00, 0x00, 0x00,
    0x00, 0x00, 0x00, 0x00, 0x00, 0x00, 0x00, 0x00, 0x00, 0x00, 0x00, 0x00, 0x00, 0x00, 0x00, 0x00,
    0x00, 0x00, 0x00, 0x00, 0x00, 0x00, 0x00, 0x00, 0x00, 0x00, 0x00, 0x00, 0x00, 0x00, 0x00, 0x00,
    0x00, 0x00, 0x00, 0x00, 0x00, 0x00, 0x00, 0x00, 0x00, 0x00, 0x00, 0x00, 0x00, 0x00, 0x00, 0x00,
    0x00, 0x00, 0x00, 0x00, 0x00, 0x00, 0x00, 0x00, 0x00, 0x00, 0x00, 0x00, 0x00, 0x00, 0x00, 0x00,
    0x00, 0x00, 0x00, 0x00, 0x00, 0x00, 0x00, 0x00, 0x00, 0x00, 0x00, 0x00, 0x00, 0x00, 0x00, 0x00,
    0x00, 0x00, 0x00, 0x00, 0x00, 0x00, 0x00, 0x00, 0x00, 0x00, 0x00, 0x00, 0x00, 0x00, 0x00, 0x00,
    0x00, 0x00, 0x00, 0x00, 0x00, 0x00, 0x00, 0x00, 0x00, 0x00, 0x00, 0x00, 0x00, 0x00, 0x00, 0x00,
    0x00, 0x00, 0x00, 0x00, 0x00, 0x00, 0x00, 0x00, 0x00, 0x00, 0x00, 0x00, 0x00, 0x00, 0x00, 0x00,
    0x00, 0x00, 0x00, 0x00, 0x00, 0x00, 0x00, 0x00, 0x00, 0x00, 0x00, 0x00, 0x00, 0x00, 0x00, 0x00,
    0x00, 0x00, 0x00, 0x00, 0x00, 0x00, 0x00, 0x00, 0x00, 0x00, 0x00, 0x00, 0x18, 0x00, 0x00, 0x00,
    0x3f, 0x84, 0xfd, 0x3b, 0x9e, 0xd0, 0xb3, 0x3b, 0x6f, 0xfb, 0x22, 0x3c, 0xa0, 0x1c, 0x0a, 0x3c,
    0xb9, 0x9d, 0xb7, 0x3b, 0xa6, 0x59, 0x3f, 0x3c, 0xdb, 0x86, 0x90, 0x3b, 0x5f, 0xc9, 0x1b, 0x3c,
    0x20, 0xda, 0x1c, 0x3c, 0x67, 0x41, 0x52, 0x3c, 0xb1, 0x0e, 0xae, 0x3b, 0xe4, 0xa1, 0x65, 0x3c,
    0x83, 0xb9, 0x23, 0x3c, 0xa3, 0x1d, 0x31, 0x3c, 0x92, 0x89, 0x3e, 0x3c, 0x5c, 0xd3, 0xc6, 0x3b,
    0x26, 0x66, 0x44, 0x3c, 0xe7, 0xeb, 0x39, 0x3c, 0x54, 0xf6, 0x2f, 0x3c, 0x58, 0x40, 0x0c, 0x3c,
    0xeb, 0x34, 0x9a, 0x3c, 0x21, 0xe9, 0xd0, 0x3b, 0x73, 0x7d, 0x00, 0x3c, 0xd6, 0xac, 0x05, 0x3c,
    0x13, 0x00, 0x00, 0x00, 0x74, 0x66, 0x6c, 0x2e, 0x70, 0x73, 0x65, 0x75, 0x64, 0x6f, 0x5f, 0x71,
    0x63, 0x6f, 0x6e, 0x73, 0x74, 0x31, 0x33, 0x00, 0x04, 0x00, 0x00, 0x00, 0x01, 0x00, 0x00, 0x00,
    0x03, 0x00, 0x00, 0x00, 0x03, 0x00, 0x00, 0x00, 0x18, 0x00, 0x00, 0x00, 0x76, 0xed, 0xff, 0xff,
    0x00, 0x00, 0x00, 0x01, 0x14, 0x00, 0x00, 0x00, 0x44, 0x01, 0x00, 0x00, 0x10, 0x00, 0x00, 0x00,
    0x00, 0x00, 0x00, 0x02, 0x50, 0x01, 0x00, 0x00, 0xec, 0xec, 0xff, 0xff, 0x08, 0x00, 0x00, 0x00,
    0xc8, 0x00, 0x00, 0x00, 0x18, 0x00, 0x00, 0x00, 0x00, 0x00, 0x00, 0x00, 0x00, 0x00, 0x00, 0x00,
    0x00, 0x00, 0x00, 0x00, 0x00, 0x00, 0x00, 0x00, 0x00, 0x00, 0x00, 0x00, 0x00, 0x00, 0x00, 0x00,
    0x00, 0x00, 0x00, 0x00, 0x00, 0x00, 0x00, 0x00, 0x00, 0x00, 0x00, 0x00, 0x00, 0x00, 0x00, 0x00,
    0x00, 0x00, 0x00, 0x00, 0x00, 0x00, 0x00, 0x00, 0x00, 0x00, 0x00, 0x00, 0x00, 0x00, 0x00, 0x00,
    0x00, 0x00, 0x00, 0x00, 0x00, 0x00, 0x00, 0x00, 0x00, 0x00, 0x00, 0x00, 0x00, 0x00, 0x00, 0x00,
    0x00, 0x00, 0x00, 0x00, 0x00, 0x00, 0x00, 0x00, 0x00, 0x00, 0x00, 0x00, 0x00, 0x00, 0x00, 0x00,
    0x00, 0x00, 0x00, 0x00, 0x00, 0x00, 0x00, 0x00, 0x00, 0x00, 0x00, 0x00, 0x00, 0x00, 0x00, 0x00,
    0x00, 0x00, 0x00, 0x00, 0x00, 0x00, 0x00, 0x00, 0x00, 0x00, 0x00, 0x00, 0x00, 0x00, 0x00, 0x00,
    0x00, 0x00, 0x00, 0x00, 0x00, 0x00, 0x00, 0x00, 0x00, 0x00, 0x00, 0x00, 0x00, 0x00, 0x00, 0x00,
    0x00, 0x00, 0x00, 0x00, 0x00, 0x00, 0x00, 0x00, 0x00, 0x00, 0x00, 0x00, 0x00, 0x00, 0x00, 0x00,
    0x00, 0x00, 0x00, 0x00, 0x00, 0x00, 0x00, 0x00, 0x00, 0x00, 0x00, 0x00, 0x00, 0x00, 0x00, 0x00,
    0x00, 0x00, 0x00, 0x00, 0x00, 0x00, 0x00, 0x00, 0x00, 0x00, 0x00, 0x00, 0x00, 0x00, 0x00, 0x00,
    0x00, 0x00, 0x00, 0x00, 0x00, 0x00, 0x00, 0x00, 0x18, 0x00, 0x00, 0x00, 0x0a, 0xf5, 0x20, 0x3a,
    0x0a, 0x54, 0xe4, 0x39, 0x41, 0xf4, 0x4e, 0x3a, 0xb5, 0x5f, 0x2f, 0x3a, 0xaf, 0x27, 0xe9, 0x39,
    0xc9, 0xf9, 0x72, 0x3a, 0x01, 0x85, 0xb7, 0x39, 0x36, 0xd1, 0x45, 0x3a, 0x8d, 0x2b, 0x47, 0x3a,
    0xa5, 0x7d, 0x85, 0x3a, 0x74, 0x04, 0xdd, 0x39, 0x0c, 0xcb, 0x91, 0x3a, 0x9d, 0xe5, 0x4f, 0x3a,
    0xa3, 0xe6, 0x60, 0x3a, 0x92, 0xf1, 0x71, 0x3a, 0xcf, 0x77, 0xfc, 0x39, 0x00, 0x63, 0x79, 0x3a,
    0x18, 0x15, 0x6c, 0x3a, 0xa7, 0x6f, 0x5f, 0x3a, 0x32, 0x17, 0x32, 0x3a, 0xa3, 0xcf, 0xc3, 0x3a,
    0x11, 0xa3, 0x04, 0x3a, 0xfa, 0x27, 0x23, 0x3a, 0x7c, 0xbd, 0x29, 0x3a, 0x13, 0x00, 0x00, 0x00,
    0x74, 0x66, 0x6c, 0x2e, 0x70, 0x73, 0x65, 0x75, 0x64, 0x6f, 0x5f, 0x71, 0x63, 0x6f, 0x6e, 0x73,
    0x74, 0x31, 0x32, 0x00, 0x01, 0x00, 0x00, 0x00, 0x18, 0x00, 0x00, 0x00, 0xe6, 0xee, 0xff, 0xff,
    0x00, 0x00, 0x00, 0x01, 0x14, 0x00, 0x00, 0x00, 0x60, 0x01, 0x00, 0x00, 0x0f, 0x00, 0x00, 0x00,
    0x00, 0x00, 0x00, 0x09, 0x6c, 0x01, 0x00, 0x00, 0x5c, 0xee, 0xff, 0xff, 0x08, 0x00, 0x00, 0x00,
    0xdc, 0x00, 0x00, 0x00, 0x1a, 0x00, 0x00, 0x00, 0x00, 0x00, 0x00, 0x00, 0x00, 0x00, 0x00, 0x00,
    0x00, 0x00, 0x00, 0x00, 0x00, 0x00, 0x00, 0x00, 0x00, 0x00, 0x00, 0x00, 0x00, 0x00, 0x00, 0x00,
    0x00, 0x00, 0x00, 0x00, 0x00, 0x00, 0x00, 0x00, 0x00, 0x00, 0x00, 0x00, 0x00, 0x00, 0x00, 0x00,
    0x00, 0x00, 0x00, 0x00, 0x00, 0x00, 0x00, 0x00, 0x00, 0x00, 0x00, 0x00, 0x00, 0x00, 0x00, 0x00,
    0x00, 0x00, 0x00, 0x00, 0x00, 0x00, 0x00, 0x00, 0x00, 0x00, 0x00, 0x00, 0x00, 0x00, 0x00, 0x00,
    0x00, 0x00, 0x00, 0x00, 0x00, 0x00, 0x00, 0x00, 0x00, 0x00, 0x00, 0x00, 0x00, 0x00, 0x00, 0x00,
    0x00, 0x00, 0x00, 0x00, 0x00, 0x00, 0x00, 0x00, 0x00, 0x00, 0x00, 0x00, 0x00, 0x00, 0x00, 0x00,
    0x00, 0x00, 0x00, 0x00, 0x00, 0x00, 0x00, 0x00, 0x00, 0x00, 0x00, 0x00, 0x00, 0x00, 0x00, 0x00,
    0x00, 0x00, 0x00, 0x00, 0x00, 0x00, 0x00, 0x00, 0x00, 0x00, 0x00, 0x00, 0x00, 0x00, 0x00, 0x00,
    0x00, 0x00, 0x00, 0x00, 0x00, 0x00, 0x00, 0x00, 0x00, 0x00, 0x00, 0x00, 0x00, 0x00, 0x00, 0x00,
    0x00, 0x00, 0x00, 0x00, 0x00, 0x00, 0x00, 0x00, 0x00, 0x00, 0x00, 0x00, 0x00, 0x00, 0x00, 0x00,
    0x00, 0x00, 0x00, 0x00, 0x00, 0x00, 0x00, 0x00, 0x00, 0x00, 0x00, 0x00, 0x00, 0x00, 0x00, 0x00,
    0x00, 0x00, 0x00, 0x00, 0x00, 0x00, 0x00, 0x00, 0x00, 0x00, 0x00, 0x00, 0x00, 0x00, 0x00, 0x00,
    0x00, 0x00, 0x00, 0x00, 0x00, 0x00, 0x00, 0x00, 0x00, 0x00, 0x00, 0x00, 0x1a, 0x00, 0x00, 0x00,
    0xf5, 0xbd, 0x7c, 0x3b, 0xf3, 0x79, 0x96, 0x3b, 0x50, 0xbe, 0xa8, 0x3b, 0xd2, 0x89, 0x8b, 0x3b,
    0xd8, 0x2b, 0x80, 0x3b, 0x0f, 0x2d, 0xe2, 0x3b, 0x94, 0x43, 0xbd, 0x3b, 0xda, 0xdd, 0x94, 0x3b,
    0x31, 0xcf, 0xc1, 0x3b, 0xdd, 0x1a, 0xf4, 0x3b, 0x10, 0x93, 0x72, 0x3b, 0xac, 0x6e, 0xa7, 0x3b,
    0x10, 0x03, 0x85, 0x3b, 0x63, 0x8b, 0x7c, 0x3b, 0x8f, 0x11, 0xaf, 0x3b, 0x7d, 0x93, 0xa2, 0x3b,
    0xa0, 0x1c, 0xd0, 0x3b, 0x9a, 0xa4, 0x7d, 0x3b, 0x3e, 0x49, 0x72, 0x3b, 0x80, 0x71, 0x9e, 0x3b,
    0x5d, 0xa8, 0xc2, 0x3b, 0x82, 0xb9, 0x5a, 0x3b, 0x9d, 0xd0, 0x7c, 0x3b, 0x79, 0x9b, 0xd0, 0x3b,
    0x13, 0xbb, 0x71, 0x3b, 0x8d, 0x73, 0xa3, 0x3b, 0x13, 0x00, 0x00, 0x00, 0x74, 0x66, 0x6c, 0x2e,
    0x70, 0x73, 0x65, 0x75, 0x64, 0x6f, 0x5f, 0x71, 0x63, 0x6f, 0x6e, 0x73, 0x74, 0x31, 0x31, 0x00,
    0x04, 0x00, 0x00, 0x00, 0x1a, 0x00, 0x00, 0x00, 0x01, 0x00, 0x00, 0x00, 0x01, 0x00, 0x00, 0x00,
    0x18, 0x00, 0x00, 0x00, 0x7e, 0xf0, 0xff, 0xff, 0x00, 0x00, 0x00, 0x01, 0x14, 0x00, 0x00, 0x00,
    0x60, 0x01, 0x00, 0x00, 0x0e, 0x00, 0x00, 0x00, 0x00, 0x00, 0x00, 0x02, 0x6c, 0x01, 0x00, 0x00,
    0xf4, 0xef, 0xff, 0xff, 0x08, 0x00, 0x00, 0x00, 0xdc, 0x00, 0x00, 0x00, 0x1a, 0x00, 0x00, 0x00,
    0x00, 0x00, 0x00, 0x00, 0x00, 0x00, 0x00, 0x00, 0x00, 0x00, 0x00, 0x00, 0x00, 0x00, 0x00, 0x00,
    0x00, 0x00, 0x00, 0x00, 0x00, 0x00, 0x00, 0x00, 0x00, 0x00, 0x00, 0x00, 0x00, 0x00, 0x00, 0x00,
    0x00, 0x00, 0x00, 0x00, 0x00, 0x00, 0x00, 0x00, 0x00, 0x00, 0x00, 0x00, 0x00, 0x00, 0x00, 0x00,
    0x00, 0x00, 0x00, 0x00, 0x00, 0x00, 0x00, 0x00, 0x00, 0x00, 0x00, 0x00, 0x00, 0x00, 0x00, 0x00,
    0x00, 0x00, 0x00, 0x00, 0x00, 0x00, 0x00, 0x00, 0x00, 0x00, 0x00, 0x00, 0x00, 0x00, 0x00, 0x00,
    0x00, 0x00, 0x00, 0x00, 0x00, 0x00, 0x00, 0x00, 0x00, 0x00, 0x00, 0x00, 0x00, 0x00, 0x00, 0x00,
    0x00, 0x00, 0x00, 0x00, 0x00, 0x00, 0x00, 0x00, 0x00, 0x00, 0x00, 0x00, 0x00, 0x00, 0x00, 0x00,
    0x00, 0x00, 0x00, 0x00, 0x00, 0x00, 0x00, 0x00, 0x00, 0x00, 0x00, 0x00, 0x00, 0x00, 0x00, 0x00,
    0x00, 0x00, 0x00, 0x00, 0x00, 0x00, 0x00, 0x00, 0x00, 0x00, 0x00, 0x00, 0x00, 0x00, 0x00, 0x00,
    0x00, 0x00, 0x00, 0x00, 0x00, 0x00, 0x00, 0x00, 0x00, 0x00, 0x00, 0x00, 0x00, 0x00, 0x00, 0x00,
    0x00, 0x00, 0x00, 0x00, 0x00, 0x00, 0x00, 0x00, 0x00, 0x00, 0x00, 0x00, 0x00, 0x00, 0x00, 0x00,
    0x00, 0x00, 0x00, 0x00, 0x00, 0x00, 0x00, 0x00, 0x00, 0x00, 0x00, 0x00, 0x00, 0x00, 0x00, 0x00,
    0x00, 0x00, 0x00, 0x00, 0x00, 0x00, 0x00, 0x00, 0x00, 0x00, 0x00, 0x00, 0x00, 0x00, 0x00, 0x00,
    0x00, 0x00, 0x00, 0x00, 0x1a, 0x00, 0x00, 0x00, 0xeb, 0x7d, 0x9e, 0x39, 0x6b, 0xb9, 0xbc, 0x39,
    0x6b, 0xa2, 0xd3, 0x39, 0x8f, 0x01, 0xaf, 0x39, 0xed, 0xbf, 0xa0, 0x39, 0x25, 0xd5, 0x0d, 0x3a,
    0xf4, 0x5e, 0xed, 0x39, 0x93, 0xb4, 0xba, 0x39, 0x55, 0x12, 0xf3, 0x39, 0x5d, 0x13, 0x19, 0x3a,
    0xac, 0x1d, 0x98, 0x39, 0x77, 0xfd, 0xd1, 0x39, 0x21, 0xd2, 0xa6, 0x39, 0x35, 0x5e, 0x9e, 0x39,
    0x3e, 0x91, 0xdb, 0x39, 0x4a, 0xe6, 0xcb, 0x39, 0x36, 0x81, 0x02, 0x3a, 0x8d, 0x0e, 0x9f, 0x39,
    0x61, 0xef, 0x97, 0x39, 0x62, 0xb7, 0xc6, 0x39, 0xb4, 0x22, 0xf4, 0x39, 0xf1, 0x28, 0x89, 0x39,
    0x9e, 0x89, 0x9e, 0x39, 0xc2, 0xd0, 0x02, 0x3a, 0x3a, 0x96, 0x97, 0x39, 0x4d, 0xff, 0xcc, 0x39,
    0x13, 0x00, 0x00, 0x00, 0x74, 0x66, 0x6c, 0x2e, 0x70, 0x73, 0x65, 0x75, 0x64, 0x6f, 0x5f, 0x71,
    0x63, 0x6f, 0x6e, 0x73, 0x74, 0x31, 0x30, 0x00, 0x01, 0x00, 0x00, 0x00, 0x1a, 0x00, 0x00, 0x00,
    0x0a, 0xf2, 0xff, 0xff, 0x00, 0x00, 0x00, 0x01, 0x14, 0x00, 0x00, 0x00, 0x64, 0x01, 0x00, 0x00,
    0x0d, 0x00, 0x00, 0x00, 0x00, 0x00, 0x00, 0x09, 0x70, 0x01, 0x00, 0x00, 0x72, 0xf9, 0xff, 0xff,
    0x03, 0x00, 0x00, 0x00, 0x08, 0x00, 0x00, 0x00, 0xdc, 0x00, 0x00, 0x00, 0x1a, 0x00, 0x00, 0x00,
    0x00, 0x00, 0x00, 0x00, 0x00, 0x00, 0x00, 0x00, 0x00, 0x00, 0x00, 0x00, 0x00, 0x00, 0x00, 0x00,
    0x00, 0x00, 0x00, 0x00, 0x00, 0x00, 0x00, 0x00, 0x00, 0x00, 0x00, 0x00, 0x00, 0x00, 0x00, 0x00,
    0x00, 0x00, 0x00, 0x00, 0x00, 0x00, 0x00, 0x00, 0x00, 0x00, 0x00, 0x00, 0x00, 0x00, 0x00, 0x00,
    0x00, 0x00, 0x00, 0x00, 0x00, 0x00, 0x00, 0x00, 0x00, 0x00, 0x00, 0x00, 0x00, 0x00, 0x00, 0x00,
    0x00, 0x00, 0x00, 0x00, 0x00, 0x00, 0x00, 0x00, 0x00, 0x00, 0x00, 0x00, 0x00, 0x00, 0x00, 0x00,
    0x00, 0x00, 0x00, 0x00, 0x00, 0x00, 0x00, 0x00, 0x00, 0x00, 0x00, 0x00, 0x00, 0x00, 0x00, 0x00,
    0x00, 0x00, 0x00, 0x00, 0x00, 0x00, 0x00, 0x00, 0x00, 0x00, 0x00, 0x00, 0x00, 0x00, 0x00, 0x00,
    0x00, 0x00, 0x00, 0x00, 0x00, 0x00, 0x00, 0x00, 0x00, 0x00, 0x00, 0x00, 0x00, 0x00, 0x00, 0x00,
    0x00, 0x00, 0x00, 0x00, 0x00, 0x00, 0x00, 0x00, 0x00, 0x00, 0x00, 0x00, 0x00, 0x00, 0x00, 0x00,
    0x00, 0x00, 0x00, 0x00, 0x00, 0x00, 0x00, 0x00, 0x00, 0x00, 0x00, 0x00, 0x00, 0x00, 0x00, 0x00,
    0x00, 0x00, 0x00, 0x00, 0x00, 0x00, 0x00, 0x00, 0x00, 0x00, 0x00, 0x00, 0x00, 0x00, 0x00, 0x00,
    0x00, 0x00, 0x00, 0x00, 0x00, 0x00, 0x00, 0x00, 0x00, 0x00, 0x00, 0x00, 0x00, 0x00, 0x00, 0x00,
    0x00, 0x00, 0x00, 0x00, 0x00, 0x00, 0x00, 0x00, 0x00, 0x00, 0x00, 0x00, 0x00, 0x00, 0x00, 0x00,
    0x00, 0x00, 0x00, 0x00, 0x1a, 0x00, 0x00, 0x00, 0x01, 0x6f, 0x0e, 0x3c, 0x0a, 0xed, 0xf3, 0x3b,
    0x0f, 0xd2, 0xbe, 0x3b, 0x78, 0x31, 0xd7, 0x3b, 0x63, 0x30, 0xff, 0x3b, 0x73, 0x5e, 0xe8, 0x3b,
    0xc7, 0xd7, 0xd5, 0x3b, 0xd7, 0xc6, 0xf9, 0x3b, 0x8d, 0x8b, 0xab, 0x3b, 0xef, 0x11, 0xc1, 0x3b,
    0x3d, 0xa3, 0xa2, 0x3b, 0x6a, 0xfb, 0xfa, 0x3b, 0x1c, 0x08, 0x47, 0x3c, 0x30, 0xf6, 0xe4, 0x3b,
    0x62, 0x05, 0x01, 0x3c, 0x9e, 0x23, 0x90, 0x3b, 0xaa, 0xad, 0xd8, 0x3b, 0x4a, 0x4e, 0xb8, 0x3b,
    0x89, 0x63, 0xb1, 0x3b, 0x4a, 0x72, 0xe7, 0x3b, 0x8b, 0x23, 0x29, 0x3c, 0x55, 0xf6, 0x1a, 0x3c,
    0x05, 0x60, 0xc1, 0x3b, 0x4a, 0x30, 0xbe, 0x3b, 0xe4, 0x25, 0x3a, 0x3c, 0x02, 0x81, 0x09, 0x3c,
    0x12, 0x00, 0x00, 0x00, 0x74, 0x66, 0x6c, 0x2e, 0x70, 0x73, 0x65, 0x75, 0x64, 0x6f, 0x5f, 0x71,
    0x63, 0x6f, 0x6e, 0x73, 0x74, 0x39, 0x00, 0x00, 0x04, 0x00, 0x00, 0x00, 0x01, 0x00, 0x00, 0x00,
    0x03, 0x00, 0x00, 0x00, 0x03, 0x00, 0x00, 0x00, 0x1a, 0x00, 0x00, 0x00, 0xa6, 0xf3, 0xff, 0xff,
    0x00, 0x00, 0x00, 0x01, 0x14, 0x00, 0x00, 0x00, 0x5c, 0x01, 0x00, 0x00, 0x0c, 0x00, 0x00, 0x00,
    0x00, 0x00, 0x00, 0x02, 0x68, 0x01, 0x00, 0x00, 0x1c, 0xf3, 0xff, 0xff, 0x08, 0x00, 0x00, 0x00,
    0xd8, 0x00, 0x00, 0x00, 0x1a, 0x00, 0x00, 0x00, 0x00, 0x00, 0x00, 0x00, 0x00, 0x00, 0x00, 0x00,
    0x00, 0x00, 0x00, 0x00, 0x00, 0x00, 0x00, 0x00, 0x00, 0x00, 0x00, 0x00, 0x00, 0x00, 0x00, 0x00,
    0x00, 0x00, 0x00, 0x00, 0x00, 0x00, 0x00, 0x00, 0x00, 0x00, 0x00, 0x00, 0x00, 0x00, 0x00, 0x00,
    0x00, 0x00, 0x00, 0x00, 0x00, 0x00, 0x00, 0x00, 0x00, 0x00, 0x00, 0x00, 0x00, 0x00, 0x00, 0x00,
    0x00, 0x00, 0x00, 0x00, 0x00, 0x00, 0x00, 0x00, 0x00, 0x00, 0x00, 0x00, 0x00, 0x00, 0x00, 0x00,
    0x00, 0x00, 0x00, 0x00, 0x00, 0x00, 0x00, 0x00, 0x00, 0x00, 0x00, 0x00, 0x00, 0x00, 0x00, 0x00,
    0x00, 0x00, 0x00, 0x00, 0x00, 0x00, 0x00, 0x00, 0x00, 0x00, 0x00, 0x00, 0x00, 0x00, 0x00, 0x00,
    0x00, 0x00, 0x00, 0x00, 0x00, 0x00, 0x00, 0x00, 0x00, 0x00, 0x00, 0x00, 0x00, 0x00, 0x00, 0x00,
    0x00, 0x00, 0x00, 0x00, 0x00, 0x00, 0x00, 0x00, 0x00, 0x00, 0x00, 0x00, 0x00, 0x00, 0x00, 0x00,
    0x00, 0x00, 0x00, 0x00, 0x00, 0x00, 0x00, 0x00, 0x00, 0x00, 0x00, 0x00, 0x00, 0x00, 0x00, 0x00,
    0x00, 0x00, 0x00, 0x00, 0x00, 0x00, 0x00, 0x00, 0x00, 0x00, 0x00, 0x00, 0x00, 0x00, 0x00, 0x00,
    0x00, 0x00, 0x00, 0x00, 0x00, 0x00, 0x00, 0x00, 0x00, 0x00, 0x00, 0x00, 0x00, 0x00, 0x00, 0x00,
    0x00, 0x00, 0x00, 0x00, 0x00, 0x00, 0x00, 0x00, 0x00, 0x00, 0x00, 0x00, 0x00, 0x00, 0x00, 0x00,
    0x00, 0x00, 0x00, 0x00, 0x00, 0x00, 0x00, 0x00, 0x1a, 0x00, 0x00, 0x00, 0x13, 0xd2, 0xce, 0x39,
    0xa2, 0x18, 0xb1, 0x39, 0x58, 0x8a, 0x8a, 0x39, 0x4f, 0x3c, 0x9c, 0x39, 0x04, 0x46, 0xb9, 0x39,
    0xa0, 0xb4, 0xa8, 0x39, 0x54, 0x41, 0x9b, 0x39, 0x13, 0x58, 0xb5, 0x39, 0x8a, 0x17, 0x79, 0x39,
    0x71, 0x2c, 0x8c, 0x39, 0x69, 0x28, 0x6c, 0x39, 0x1b, 0x38, 0xb6, 0x39, 0x7c, 0x80, 0x10, 0x3a,
    0x57, 0x3b, 0xa6, 0x39, 0x49, 0x58, 0xbb, 0x39, 0x0f, 0x4c, 0x51, 0x39, 0x57, 0x50, 0x9d, 0x39,
    0x80, 0xcf, 0x85, 0x39, 0xe4, 0xc9, 0x80, 0x39, 0x2a, 0x09, 0xa8, 0x39, 0x10, 0x99, 0xf5, 0x39,
    0x45, 0x03, 0xe1, 0x39, 0x22, 0x65, 0x8c, 0x39, 0xe5, 0x14, 0x8a, 0x39, 0xe5, 0x25, 0x07, 0x3a,
    0x98, 0xa9, 0xc7, 0x39, 0x12, 0x00, 0x00, 0x00, 0x74, 0x66, 0x6c, 0x2e, 0x70, 0x73, 0x65, 0x75,
    0x64, 0x6f, 0x5f, 0x71, 0x63, 0x6f, 0x6e, 0x73, 0x74, 0x38, 0x00, 0x00, 0x01, 0x00, 0x00, 0x00,
    0x1a, 0x00, 0x00, 0x00, 0x2e, 0xf5, 0xff, 0xff, 0x00, 0x00, 0x00, 0x01, 0x14, 0x00, 0x00, 0x00,
    0x78, 0x01, 0x00, 0x00, 0x0b, 0x00, 0x00, 0x00, 0x00, 0x00, 0x00, 0x09, 0x84, 0x01, 0x00, 0x00,
    0xa4, 0xf4, 0xff, 0xff, 0x08, 0x00, 0x00, 0x00, 0xec, 0x00, 0x00, 0x00, 0x1c, 0x00, 0x00, 0x00,
    0x00, 0x00, 0x00, 0x00, 0x00, 0x00, 0x00, 0x00, 0x00, 0x00, 0x00, 0x00, 0x00, 0x00, 0x00, 0x00,
    0x00, 0x00, 0x00, 0x00, 0x00, 0x00, 0x00, 0x00, 0x00, 0x00, 0x00, 0x00, 0x00, 0x00, 0x00, 0x00,
    0x00, 0x00, 0x00, 0x00, 0x00, 0x00, 0x00, 0x00, 0x00, 0x00, 0x00, 0x00, 0x00, 0x00, 0x00, 0x00,
    0x00, 0x00, 0x00, 0x00, 0x00, 0x00, 0x00, 0x00, 0x00, 0x00, 0x00, 0x00, 0x00, 0x00, 0x00, 0x00,
    0x00, 0x00, 0x00, 0x00, 0x00, 0x00, 0x00, 0x00, 0x00, 0x00, 0x00, 0x00, 0x00, 0x00, 0x00, 0x00,
    0x00, 0x00, 0x00, 0x00, 0x00, 0x00, 0x00, 0x00, 0x00, 0x00, 0x00, 0x00, 0x00, 0x00, 0x00, 0x00,
    0x00, 0x00, 0x00, 0x00, 0x00, 0x00, 0x00, 0x00, 0x00, 0x00, 0x00, 0x00, 0x00, 0x00, 0x00, 0x00,
    0x00, 0x00, 0x00, 0x00, 0x00, 0x00, 0x00, 0x00, 0x00, 0x00, 0x00, 0x00, 0x00, 0x00, 0x00, 0x00,
    0x00, 0x00, 0x00, 0x00, 0x00, 0x00, 0x00, 0x00, 0x00, 0x00, 0x00, 0x00, 0x00, 0x00, 0x00, 0x00,
    0x00, 0x00, 0x00, 0x00, 0x00, 0x00, 0x00, 0x00, 0x00, 0x00, 0x00, 0x00, 0x00, 0x00, 0x00, 0x00,
    0x00, 0x00, 0x00, 0x00, 0x00, 0x00, 0x00, 0x00, 0x00, 0x00, 0x00, 0x00, 0x00, 0x00, 0x00, 0x00,
    0x00, 0x00, 0x00, 0x00, 0x00, 0x00, 0x00, 0x00, 0x00, 0x00, 0x00, 0x00, 0x00, 0x00, 0x00, 0x00,
    0x00, 0x00, 0x00, 0x00, 0x00, 0x00, 0x00, 0x00, 0x00, 0x00, 0x00, 0x00, 0x00, 0x00, 0x00, 0x00,
    0x00, 0x00, 0x00, 0x00, 0x00, 0x00, 0x00, 0x00, 0x00, 0x00, 0x00, 0x00, 0x00, 0x00, 0x00, 0x00,
    0x00, 0x00, 0x00, 0x00, 0x1c, 0x00, 0x00, 0x00, 0x55, 0x61, 0xc4, 0x3b, 0x26, 0x0d, 0x91, 0x3b,
    0xce, 0xad, 0x87, 0x3b, 0x02, 0xd5, 0x91, 0x3b, 0xfa, 0x01, 0x88, 0x3b, 0x86, 0xb7, 0xa7, 0x3b,
    0xfe, 0xc7, 0x62, 0x3b, 0x08, 0x65, 0xde, 0x3b, 0x5a, 0x33, 0x8f, 0x3b, 0x4d, 0x7f, 0x7b, 0x3b,
    0x39, 0x94, 0x42, 0x3b, 0xa3, 0x13, 0x9d, 0x3b, 0x6f, 0xeb, 0x6a, 0x3b, 0x08, 0x8f, 0xc9, 0x3b,
    0x2c, 0xa0, 0x97, 0x3b, 0xf5, 0x7d, 0xa0, 0x3b, 0x85, 0x58, 0x9b, 0x3b, 0x52, 0x89, 0xbe, 0x3b,
    0xa0, 0x5b, 0x59, 0x3b, 0xf2, 0x47, 0x71, 0x3b, 0xa2, 0x12, 0xc1, 0x3b, 0x29, 0x27, 0x8f, 0x3b,
    0xac, 0xa3, 0xf1, 0x3b, 0x7b, 0xe5, 0x4e, 0x3b, 0xe6, 0x69, 0x85, 0x3b, 0x80, 0x2d, 0x58, 0x3b,
    0xb6, 0xdb, 0xb2, 0x3b, 0x65, 0x70, 0x9f, 0x3b, 0x12, 0x00, 0x00, 0x00, 0x74, 0x66, 0x6c, 0x2e,
    0x70, 0x73, 0x65, 0x75, 0x64, 0x6f, 0x5f, 0x71, 0x63, 0x6f, 0x6e, 0x73, 0x74, 0x37, 0x00, 0x00,
    0x04, 0x00, 0x00, 0x00, 0x1c, 0x00, 0x00, 0x00, 0x01, 0x00, 0x00, 0x00, 0x01, 0x00, 0x00, 0x00,
    0x1a, 0x00, 0x00, 0x00, 0xde, 0xf6, 0xff, 0xff, 0x00, 0x00, 0x00, 0x01, 0x14, 0x00, 0x00, 0x00,
    0x74, 0x01, 0x00, 0x00, 0x0a, 0x00, 0x00, 0x00, 0x00, 0x00, 0x00, 0x02, 0x80, 0x01, 0x00, 0x00,
    0x54, 0xf6, 0xff, 0xff, 0x08, 0x00, 0x00, 0x00, 0xe8, 0x00, 0x00, 0x00, 0x1c, 0x00, 0x00, 0x00,
    0x00, 0x00, 0x00, 0x00, 0x00, 0x00, 0x00, 0x00, 0x00, 0x00, 0x00, 0x00, 0x00, 0x00, 0x00, 0x00,
    0x00, 0x00, 0x00, 0x00, 0x00, 0x00, 0x00, 0x00, 0x00, 0x00, 0x00, 0x00, 0x00, 0x00, 0x00, 0x00,
    0x00, 0x00, 0x00, 0x00, 0x00, 0x00, 0x00, 0x00, 0x00, 0x00, 0x00, 0x00, 0x00, 0x00, 0x00, 0x00,
    0x00, 0x00, 0x00, 0x00, 0x00, 0x00, 0x00, 0x00, 0x00, 0x00, 0x00, 0x00, 0x00, 0x00, 0x00, 0x00,
    0x00, 0x00, 0x00, 0x00, 0x00, 0x00, 0x00, 0x00, 0x00, 0x00, 0x00, 0x00, 0x00, 0x00, 0x00, 0x00,
    0x00, 0x00, 0x00, 0x00, 0x00, 0x00, 0x00, 0x00, 0x00, 0x00, 0x00, 0x00, 0x00, 0x00, 0x00, 0x00,
    0x00, 0x00, 0x00, 0x00, 0x00, 0x00, 0x00, 0x00, 0x00, 0x00, 0x00, 0x00, 0x00, 0x00, 0x00, 0x00,
    0x00, 0x00, 0x00, 0x00, 0x00, 0x00, 0x00, 0x00, 0x00, 0x00, 0x00, 0x00, 0x00, 0x00, 0x00, 0x00,
    0x00, 0x00, 0x00, 0x00, 0x00, 0x00, 0x00, 0x00, 0x00, 0x00, 0x00, 0x00, 0x00, 0x00, 0x00, 0x00,
    0x00, 0x00, 0x00, 0x00, 0x00, 0x00, 0x00, 0x00, 0x00, 0x00, 0x00, 0x00, 0x00, 0x00, 0x00, 0x00,
    0x00, 0x00, 0x00, 0x00, 0x00, 0x00, 0x00, 0x00, 0x00, 0x00, 0x00, 0x00, 0x00, 0x00, 0x00, 0x00,
    0x00, 0x00, 0x00, 0x00, 0x00, 0x00, 0x00, 0x00, 0x00, 0x00, 0x00, 0x00, 0x00, 0x00, 0x00, 0x00,
    0x00, 0x00, 0x00, 0x00, 0x00, 0x00, 0x00, 0x00, 0x00, 0x00, 0x00, 0x00, 0x00, 0x00, 0x00, 0x00,
    0x00, 0x00, 0x00, 0x00, 0x00, 0x00, 0x00, 0x00, 0x00, 0x00, 0x00, 0x00, 0x00, 0x00, 0x00, 0x00,
    0x1c, 0x00, 0x00, 0x00, 0x06, 0xfe, 0xc6, 0x39, 0x10, 0xfb, 0x92, 0x39, 0xce, 0x7b, 0x89, 0x39,
    0x94, 0xc5, 0x93, 0x39, 0x18, 0xd1, 0x89, 0x39, 0x9d, 0xf2, 0xa9, 0x39, 0x34, 0xcc, 0x65, 0x39,
    0x4e, 0x5a, 0xe1, 0x39, 0xf6, 0x1a, 0x91, 0x39, 0xac, 0xd7, 0x7e, 0x39, 0xc8, 0x2a, 0x45, 0x39,
    0x7f, 0x2a, 0x9f, 0x39, 0x5b, 0x0b, 0x6e, 0x39, 0x5b, 0x3d, 0xcc, 0x39, 0x79, 0xa4, 0x99, 0x39,
    0x72, 0xa0, 0xa2, 0x39, 0x7c, 0x69, 0x9d, 0x39, 0x1d, 0x12, 0xc1, 0x39, 0xc0, 0x3f, 0x5c, 0x39,
    0x87, 0x7d, 0x74, 0x39, 0x10, 0xa4, 0xc3, 0x39, 0x9c, 0x0e, 0x91, 0x39, 0x7a, 0xda, 0xf4, 0x39,
    0xfb, 0xa5, 0x51, 0x39, 0x2f, 0x30, 0x87, 0x39, 0x9b, 0x0d, 0x5b, 0x39, 0xbd, 0x3c, 0xb5, 0x39,
    0x4d, 0x8f, 0xa1, 0x39, 0x12, 0x00, 0x00, 0x00, 0x74, 0x66, 0x6c, 0x2e, 0x70, 0x73, 0x65, 0x75,
    0x64, 0x6f, 0x5f, 0x71, 0x63, 0x6f, 0x6e, 0x73, 0x74, 0x36, 0x00, 0x00, 0x01, 0x00, 0x00, 0x00,
    0x1c, 0x00, 0x00, 0x00, 0x00, 0x00, 0x16, 0x00, 0x1e, 0x00, 0x18, 0x00, 0x17, 0x00, 0x10, 0x00,
    0x0c, 0x00, 0x08, 0x00, 0x00, 0x00, 0x00, 0x00, 0x00, 0x00, 0x07, 0x00, 0x16, 0x00, 0x00, 0x00,
    0x00, 0x00, 0x00, 0x01, 0x28, 0x00, 0x00, 0x00, 0x90, 0x01, 0x00, 0x00, 0x09, 0x00, 0x00, 0x00,
    0x00, 0x00, 0x00, 0x09, 0x9c, 0x01, 0x00, 0x00, 0x00, 0x00, 0x12, 0x00, 0x10, 0x00, 0x00, 0x00,
    0x00, 0x00, 0x0c, 0x00, 0x08, 0x00, 0x00, 0x00, 0x00, 0x00, 0x04, 0x00, 0x12, 0x00, 0x00, 0x00,
    0x03, 0x00, 0x00, 0x00, 0x08, 0x00, 0x00, 0x00, 0xec, 0x00, 0x00, 0x00, 0x1c, 0x00, 0x00, 0x00,
    0x00, 0x00, 0x00, 0x00, 0x00, 0x00, 0x00, 0x00, 0x00, 0x00, 0x00, 0x00, 0x00, 0x00, 0x00, 0x00,
    0x00, 0x00, 0x00, 0x00, 0x00, 0x00, 0x00, 0x00, 0x00, 0x00, 0x00, 0x00, 0x00, 0x00, 0x00, 0x00,
    0x00, 0x00, 0x00, 0x00, 0x00, 0x00, 0x00, 0x00, 0x00, 0x00, 0x00, 0x00, 0x00, 0x00, 0x00, 0x00,
    0x00, 0x00, 0x00, 0x00, 0x00, 0x00, 0x00, 0x00, 0x00, 0x00, 0x00, 0x00, 0x00, 0x00, 0x00, 0x00,
    0x00, 0x00, 0x00, 0x00, 0x00, 0x00, 0x00, 0x00, 0x00, 0x00, 0x00, 0x00, 0x00, 0x00, 0x00, 0x00,
    0x00, 0x00, 0x00, 0x00, 0x00, 0x00, 0x00, 0x00, 0x00, 0x00, 0x00, 0x00, 0x00, 0x00, 0x00, 0x00,
    0x00, 0x00, 0x00, 0x00, 0x00, 0x00, 0x00, 0x00, 0x00, 0x00, 0x00, 0x00, 0x00, 0x00, 0x00, 0x00,
    0x00, 0x00, 0x00, 0x00, 0x00, 0x00, 0x00, 0x00, 0x00, 0x00, 0x00, 0x00, 0x00, 0x00, 0x00, 0x00,
    0x00, 0x00, 0x00, 0x00, 0x00, 0x00, 0x00, 0x00, 0x00, 0x00, 0x00, 0x00, 0x00, 0x00, 0x00, 0x00,
    0x00, 0x00, 0x00, 0x00, 0x00, 0x00, 0x00, 0x00, 0x00, 0x00, 0x00, 0x00, 0x00, 0x00, 0x00, 0x00,
    0x00, 0x00, 0x00, 0x00, 0x00, 0x00, 0x00, 0x00, 0x00, 0x00, 0x00, 0x00, 0x00, 0x00, 0x00, 0x00,
    0x00, 0x00, 0x00, 0x00, 0x00, 0x00, 0x00, 0x00, 0x00, 0x00, 0x00, 0x00, 0x00, 0x00, 0x00, 0x00,
    0x00, 0x00, 0x00, 0x00, 0x00, 0x00, 0x00, 0x00, 0x00, 0x00, 0x00, 0x00, 0x00, 0x00, 0x00, 0x00,
    0x00, 0x00, 0x00, 0x00, 0x00, 0x00, 0x00, 0x00, 0x00, 0x00, 0x00, 0x00, 0x00, 0x00, 0x00, 0x00,
    0x00, 0x00, 0x00, 0x00, 0x1c, 0x00, 0x00, 0x00, 0x57, 0xc7, 0xce, 0x3b, 0x2d, 0x91, 0x83, 0x3c,
    0xa5, 0x49, 0x85, 0x3b, 0xd6, 0x75, 0x30, 0x3c, 0x53, 0x26, 0x32, 0x3c, 0xe5, 0x7d, 0xdb, 0x3b,
    0xe2, 0x0f, 0x01, 0x3c, 0xea, 0x78, 0xa4, 0x3b, 0x75, 0x49, 0x2b, 0x3c, 0x64, 0xbd, 0x10, 0x3c,
    0xf8, 0xe3, 0xc9, 0x3c, 0x2f, 0x2f, 0xdf, 0x3b, 0x73, 0xd8, 0x84, 0x3c, 0x8e, 0xef, 0x1b, 0x3c,
    0x6f, 0x42, 0xcb, 0x3b, 0x9c, 0xea, 0xba, 0x3b, 0x21, 0x56, 0xf4, 0x3b, 0xd2, 0x67, 0xff, 0x3b,
    0x78, 0xc5, 0x42, 0x3c, 0x1c, 0xdf, 0xeb, 0x3b, 0x96, 0xc1, 0xfa, 0x3b, 0x7b, 0x53, 0xfb, 0x3b,
    0x2a, 0x0a, 0xb2, 0x3b, 0xd6, 0x64, 0x3b, 0x3c, 0x4d, 0xd8, 0xcd, 0x3b, 0x66, 0xf2, 0x5d, 0x3c,
    0xd9, 0x3b, 0x06, 0x3c, 0x12, 0x23, 0x9f, 0x3b, 0x12, 0x00, 0x00, 0x00, 0x74, 0x66, 0x6c, 0x2e,
    0x70, 0x73, 0x65, 0x75, 0x64, 0x6f, 0x5f, 0x71, 0x63, 0x6f, 0x6e, 0x73, 0x74, 0x35, 0x00, 0x00,
    0x04, 0x00, 0x00, 0x00, 0x01, 0x00, 0x00, 0x00, 0x03, 0x00, 0x00, 0x00, 0x03, 0x00, 0x00, 0x00,
    0x1c, 0x00, 0x00, 0x00, 0x5e, 0xfa, 0xff, 0xff, 0x00, 0x00, 0x00, 0x01, 0x14, 0x00, 0x00, 0x00,
    0x74, 0x01, 0x00, 0x00, 0x08, 0x00, 0x00, 0x00, 0x00, 0x00, 0x00, 0x02, 0x80, 0x01, 0x00, 0x00,
    0xd4, 0xf9, 0xff, 0xff, 0x08, 0x00, 0x00, 0x00, 0xe8, 0x00, 0x00, 0x00, 0x1c, 0x00, 0x00, 0x00,
    0x00, 0x00, 0x00, 0x00, 0x00, 0x00, 0x00, 0x00, 0x00, 0x00, 0x00, 0x00, 0x00, 0x00, 0x00, 0x00,
    0x00, 0x00, 0x00, 0x00, 0x00, 0x00, 0x00, 0x00, 0x00, 0x00, 0x00, 0x00, 0x00, 0x00, 0x00, 0x00,
    0x00, 0x00, 0x00, 0x00, 0x00, 0x00, 0x00, 0x00, 0x00, 0x00, 0x00, 0x00, 0x00, 0x00, 0x00, 0x00,
    0x00, 0x00, 0x00, 0x00, 0x00, 0x00, 0x00, 0x00, 0x00, 0x00, 0x00, 0x00, 0x00, 0x00, 0x00, 0x00,
    0x00, 0x00, 0x00, 0x00, 0x00, 0x00, 0x00, 0x00, 0x00, 0x00, 0x00, 0x00, 0x00, 0x00, 0x00, 0x00,
    0x00, 0x00, 0x00, 0x00, 0x00, 0x00, 0x00, 0x00, 0x00, 0x00, 0x00, 0x00, 0x00, 0x00, 0x00, 0x00,
    0x00, 0x00, 0x00, 0x00, 0x00, 0x00, 0x00, 0x00, 0x00, 0x00, 0x00, 0x00, 0x00, 0x00, 0x00, 0x00,
    0x00, 0x00, 0x00, 0x00, 0x00, 0x00, 0x00, 0x00, 0x00, 0x00, 0x00, 0x00, 0x00, 0x00, 0x00, 0x00,
    0x00, 0x00, 0x00, 0x00, 0x00, 0x00, 0x00, 0x00, 0x00, 0x00, 0x00, 0x00, 0x00, 0x00, 0x00, 0x00,
    0x00, 0x00, 0x00, 0x00, 0x00, 0x00, 0x00, 0x00, 0x00, 0x00, 0x00, 0x00, 0x00, 0x00, 0x00, 0x00,
    0x00, 0x00, 0x00, 0x00, 0x00, 0x00, 0x00, 0x00, 0x00, 0x00, 0x00, 0x00, 0x00, 0x00, 0x00, 0x00,
    0x00, 0x00, 0x00, 0x00, 0x00, 0x00, 0x00, 0x00, 0x00, 0x00, 0x00, 0x00, 0x00, 0x00, 0x00, 0x00,
    0x00, 0x00, 0x00, 0x00, 0x00, 0x00, 0x00, 0x00, 0x00, 0x00, 0x00, 0x00, 0x00, 0x00, 0x00, 0x00,
    0x00, 0x00, 0x00, 0x00, 0x00, 0x00, 0x00, 0x00, 0x00, 0x00, 0x00, 0x00, 0x00, 0x00, 0x00, 0x00,
    0x1c, 0x00, 0x00, 0x00, 0x54, 0xc3, 0x74, 0x39, 0x42, 0xbc, 0x1b, 0x3a, 0xa4, 0xc5, 0x1d, 0x39,
    0x12, 0xe0, 0xd0, 0x39, 0x01, 0xe0, 0xd2, 0x39, 0xdd, 0xe7, 0x81, 0x39, 0x2a, 0xc5, 0x98, 0x39,
    0x66, 0xaf, 0x42, 0x39, 0x68, 0xc0, 0xca, 0x39, 0xef, 0x53, 0xab, 0x39, 0x16, 0xfa, 0x6e, 0x3a,
    0x55, 0x17, 0x84, 0x39, 0xa6, 0x3f, 0x1d, 0x3a, 0x99, 0x94, 0xb8, 0x39, 0xee, 0x98, 0x70, 0x39,
    0x8e, 0x40, 0x5d, 0x39, 0x28, 0x9c, 0x90, 0x39, 0x45, 0x29, 0x97, 0x39, 0xcd, 0x8c, 0xe6, 0x39,
    0x9c, 0x99, 0x8b, 0x39, 0xd5, 0x68, 0x94, 0x39, 0x2e, 0xbf, 0x94, 0x39, 0xac, 0xbe, 0x52, 0x39,
    0x3c, 0xd1, 0xdd, 0x39, 0x61, 0xa8, 0x73, 0x39, 0xd8, 0x5b, 0x03, 0x3a, 0x55, 0xe4, 0x9e, 0x39,
    0xa8, 0x5e, 0x3c, 0x39, 0x12, 0x00, 0x00, 0x00, 0x74, 0x66, 0x6c, 0x2e, 0x70, 0x73, 0x65, 0x75,
    0x64, 0x6f, 0x5f, 0x71, 0x63, 0x6f, 0x6e, 0x73, 0x74, 0x34, 0x00, 0x00, 0x01, 0x00, 0x00, 0x00,
    0x1c, 0x00, 0x00, 0x00, 0xfe, 0xfb, 0xff, 0xff, 0x00, 0x00, 0x00, 0x01, 0x14, 0x00, 0x00, 0x00,
    0x50, 0x01, 0x00, 0x00, 0x07, 0x00, 0x00, 0x00, 0x00, 0x00, 0x00, 0x09, 0x5c, 0x01, 0x00, 0x00,
    0x74, 0xfb, 0xff, 0xff, 0x08, 0x00, 0x00, 0x00, 0xd0, 0x00, 0x00, 0x00, 0x19, 0x00, 0x00, 0x00,
    0x00, 0x00, 0x00, 0x00, 0x00, 0x00, 0x00, 0x00, 0x00, 0x00, 0x00, 0x00, 0x00, 0x00, 0x00, 0x00,
    0x00, 0x00, 0x00, 0x00, 0x00, 0x00, 0x00, 0x00, 0x00, 0x00, 0x00, 0x00, 0x00, 0x00, 0x00, 0x00,
    0x00, 0x00, 0x00, 0x00, 0x00, 0x00, 0x00, 0x00, 0x00, 0x00, 0x00, 0x00, 0x00, 0x00, 0x00, 0x00,
    0x00, 0x00, 0x00, 0x00, 0x00, 0x00, 0x00, 0x00, 0x00, 0x00, 0x00, 0x00, 0x00, 0x00, 0x00, 0x00,
    0x00, 0x00, 0x00, 0x00, 0x00, 0x00, 0x00, 0x00, 0x00, 0x00, 0x00, 0x00, 0x00, 0x00, 0x00, 0x00,
    0x00, 0x00, 0x00, 0x00, 0x00, 0x00, 0x00, 0x00, 0x00, 0x00, 0x00, 0x00, 0x00, 0x00, 0x00, 0x00,
    0x00, 0x00, 0x00, 0x00, 0x00, 0x00, 0x00, 0x00, 0x00, 0x00, 0x00, 0x00, 0x00, 0x00, 0x00, 0x00,
    0x00, 0x00, 0x00, 0x00, 0x00, 0x00, 0x00, 0x00, 0x00, 0x00, 0x00, 0x00, 0x00, 0x00, 0x00, 0x00,
    0x00, 0x00, 0x00, 0x00, 0x00, 0x00, 0x00, 0x00, 0x00, 0x00, 0x00, 0x00, 0x00, 0x00, 0x00, 0x00,
    0x00, 0x00, 0x00, 0x00, 0x00, 0x00, 0x00, 0x00, 0x00, 0x00, 0x00, 0x00, 0x00, 0x00, 0x00, 0x00,
    0x00, 0x00, 0x00, 0x00, 0x00, 0x00, 0x00, 0x00, 0x00, 0x00, 0x00, 0x00, 0x00, 0x00, 0x00, 0x00,
    0x00, 0x00, 0x00, 0x00, 0x00, 0x00, 0x00, 0x00, 0x00, 0x00, 0x00, 0x00, 0x00, 0x00, 0x00, 0x00,
    0x00, 0x00, 0x00, 0x00, 0x00, 0x00, 0x00, 0x00, 0x19, 0x00, 0x00, 0x00, 0xe3, 0x72, 0x77, 0x3c,
    0x06, 0x5b, 0x6a, 0x3c, 0x07, 0xf4, 0x6d, 0x3c, 0xa1, 0x75, 0x34, 0x3c, 0xbb, 0xdf, 0x40, 0x3c,
    0xc5, 0x4e, 0x71, 0x3c, 0x5d, 0x81, 0x82, 0x3c, 0x17, 0x74, 0x5e, 0x3c, 0x62, 0xe8, 0x51, 0x3c,
    0x69, 0x8f, 0x48, 0x3c, 0x73, 0x7c, 0x7a, 0x3c, 0x4f, 0x24, 0x9c, 0x3c, 0xb2, 0x07, 0x75, 0x3c,
    0xcf, 0xda, 0x58, 0x3c, 0x33, 0xd8, 0x63, 0x3c, 0x92, 0x6c, 0x74, 0x3c, 0x89, 0xeb, 0x60, 0x3c,
    0x7d, 0x9a, 0x4c, 0x3c, 0x0f, 0x8d, 0xb0, 0x3c, 0x05, 0x52, 0x8e, 0x3c, 0xc8, 0xca, 0x2a, 0x3c,
    0x4c, 0xe8, 0xa3, 0x3c, 0xf6, 0xe9, 0x8e, 0x3c, 0xa2, 0x68, 0x88, 0x3c, 0xe4, 0xe2, 0x8c, 0x3c,
    0x12, 0x00, 0x00, 0x00, 0x74, 0x66, 0x6c, 0x2e, 0x70, 0x73, 0x65, 0x75, 0x64, 0x6f, 0x5f, 0x71,
    0x63, 0x6f, 0x6e, 0x73, 0x74, 0x33, 0x00, 0x00, 0x04, 0x00, 0x00, 0x00, 0x19, 0x00, 0x00, 0x00,
    0x01, 0x00, 0x00, 0x00, 0x01, 0x00, 0x00, 0x00, 0x1c, 0x00, 0x00, 0x00, 0x86, 0xfd, 0xff, 0xff,
    0x00, 0x00, 0x00, 0x01, 0x14, 0x00, 0x00, 0x00, 0x54, 0x01, 0x00, 0x00, 0x06, 0x00, 0x00, 0x00,
    0x00, 0x00, 0x00, 0x02, 0x60, 0x01, 0x00, 0x00, 0xfc, 0xfc, 0xff, 0xff, 0x08, 0x00, 0x00, 0x00,
    0xd4, 0x00, 0x00, 0x00, 0x19, 0x00, 0x00, 0x00, 0x00, 0x00, 0x00, 0x00, 0x00, 0x00, 0x00, 0x00,
    0x00, 0x00, 0x00, 0x00, 0x00, 0x00, 0x00, 0x00, 0x00, 0x00, 0x00, 0x00, 0x00, 0x00, 0x00, 0x00,
    0x00, 0x00, 0x00, 0x00, 0x00, 0x00, 0x00, 0x00, 0x00, 0x00, 0x00, 0x00, 0x00, 0x00, 0x00, 0x00,
    0x00, 0x00, 0x00, 0x00, 0x00, 0x00, 0x00, 0x00, 0x00, 0x00, 0x00, 0x00, 0x00, 0x00, 0x00, 0x00,
    0x00, 0x00, 0x00, 0x00, 0x00, 0x00, 0x00, 0x00, 0x00, 0x00, 0x00, 0x00, 0x00, 0x00, 0x00, 0x00,
    0x00, 0x00, 0x00, 0x00, 0x00, 0x00, 0x00, 0x00, 0x00, 0x00, 0x00, 0x00, 0x00, 0x00, 0x00, 0x00,
    0x00, 0x00, 0x00, 0x00, 0x00, 0x00, 0x00, 0x00, 0x00, 0x00, 0x00, 0x00, 0x00, 0x00, 0x00, 0x00,
    0x00, 0x00, 0x00, 0x00, 0x00, 0x00, 0x00, 0x00, 0x00, 0x00, 0x00, 0x00, 0x00, 0x00, 0x00, 0x00,
    0x00, 0x00, 0x00, 0x00, 0x00, 0x00, 0x00, 0x00, 0x00, 0x00, 0x00, 0x00, 0x00, 0x00, 0x00, 0x00,
    0x00, 0x00, 0x00, 0x00, 0x00, 0x00, 0x00, 0x00, 0x00, 0x00, 0x00, 0x00, 0x00, 0x00, 0x00, 0x00,
    0x00, 0x00, 0x00, 0x00, 0x00, 0x00, 0x00, 0x00, 0x00, 0x00, 0x00, 0x00, 0x00, 0x00, 0x00, 0x00,
    0x00, 0x00, 0x00, 0x00, 0x00, 0x00, 0x00, 0x00, 0x00, 0x00, 0x00, 0x00, 0x00, 0x00, 0x00, 0x00,
    0x00, 0x00, 0x00, 0x00, 0x00, 0x00, 0x00, 0x00, 0x00, 0x00, 0x00, 0x00, 0x00, 0x00, 0x00, 0x00,
    0x00, 0x00, 0x00, 0x00, 0x19, 0x00, 0x00, 0x00, 0x1d, 0x38, 0x46, 0x3a, 0x1a, 0xbb, 0x3b, 0x3a,
    0xdf, 0x9c, 0x3e, 0x3a, 0xad, 0x8e, 0x10, 0x3a, 0x80, 0x80, 0x1a, 0x3a, 0xc5, 0x4c, 0x41, 0x3a,
    0x3d, 0x15, 0x51, 0x3a, 0x59, 0x32, 0x32, 0x3a, 0x9b, 0x25, 0x28, 0x3a, 0xb6, 0xa8, 0x20, 0x3a,
    0xfb, 0xa6, 0x48, 0x3a, 0xc0, 0x27, 0x7a, 0x3a, 0x1c, 0x48, 0x44, 0x3a, 0x38, 0xb6, 0x2d, 0x3a,
    0xe3, 0x83, 0x36, 0x3a, 0xd9, 0xcb, 0x43, 0x3a, 0x2b, 0x2c, 0x34, 0x3a, 0xdd, 0xe5, 0x23, 0x3a,
    0x2b, 0x6d, 0x8d, 0x3a, 0x0c, 0x03, 0x64, 0x3a, 0x32, 0xd0, 0x08, 0x3a, 0x5b, 0x4c, 0x83, 0x3a,
    0x79, 0xf6, 0x64, 0x3a, 0x72, 0x8a, 0x5a, 0x3a, 0xdf, 0xb6, 0x61, 0x3a, 0x12, 0x00, 0x00, 0x00,
    0x74, 0x66, 0x6c, 0x2e, 0x70, 0x73, 0x65, 0x75, 0x64, 0x6f, 0x5f, 0x71, 0x63, 0x6f, 0x6e, 0x73,
    0x74, 0x32, 0x00, 0x00, 0x01, 0x00, 0x00, 0x00, 0x19, 0x00, 0x00, 0x00, 0x06, 0xff, 0xff, 0xff,
    0x00, 0x00, 0x00, 0x01, 0x14, 0x00, 0x00, 0x00, 0x30, 0x00, 0x00, 0x00, 0x05, 0x00, 0x00, 0x00,
    0x00, 0x00, 0x00, 0x09, 0x3c, 0x00, 0x00, 0x00, 0x7c, 0xfe, 0xff, 0xff, 0x08, 0x00, 0x00, 0x00,
    0x10, 0x00, 0x00, 0x00, 0x01, 0x00, 0x00, 0x00, 0x00, 0x00, 0x00, 0x00, 0x00, 0x00, 0x00, 0x00,
    0x01, 0x00, 0x00, 0x00, 0x52, 0x99, 0x47, 0x3c, 0x12, 0x00, 0x00, 0x00, 0x74, 0x66, 0x6c, 0x2e,
    0x70, 0x73, 0x65, 0x75, 0x64, 0x6f, 0x5f, 0x71, 0x63, 0x6f, 0x6e, 0x73, 0x74, 0x31, 0x00, 0x00,
    0x02, 0x00, 0x00, 0x00, 0x0c, 0x00, 0x00, 0x00, 0x19, 0x00, 0x00, 0x00, 0x66, 0xff, 0xff, 0xff,
    0x00, 0x00, 0x00, 0x01, 0x14, 0x00, 0x00, 0x00, 0x30, 0x00, 0x00, 0x00, 0x04, 0x00, 0x00, 0x00,
    0x00, 0x00, 0x00, 0x02, 0x3c, 0x00, 0x00, 0x00, 0xdc, 0xfe, 0xff, 0xff, 0x08, 0x00, 0x00, 0x00,
    0x10, 0x00, 0x00, 0x00, 0x01, 0x00, 0x00, 0x00, 0x00, 0x00, 0x00, 0x00, 0x00, 0x00, 0x00, 0x00,
    0x01, 0x00, 0x00, 0x00, 0xb7, 0x37, 0xa7, 0x3a, 0x11, 0x00, 0x00, 0x00, 0x74, 0x66, 0x6c, 0x2e,
    0x70, 0x73, 0x65, 0x75, 0x64, 0x6f, 0x5f, 0x71, 0x63, 0x6f, 0x6e, 0x73, 0x74, 0x00, 0x00, 0x00,
    0x01, 0x00, 0x00, 0x00, 0x0c, 0x00, 0x00, 0x00, 0xc2, 0xff, 0xff, 0xff, 0x00, 0x00, 0x00, 0x01,
    0x14, 0x00, 0x00, 0x00, 0x14, 0x00, 0x00, 0x00, 0x03, 0x00, 0x00, 0x00, 0x00, 0x00, 0x00, 0x02,
    0x1c, 0x00, 0x00, 0x00, 0xac, 0xff, 0xff, 0xff, 0x0f, 0x00, 0x00, 0x00, 0x61, 0x72, 0x69, 0x74,
    0x68, 0x2e, 0x63, 0x6f, 0x6e, 0x73, 0x74, 0x61, 0x6e, 0x74, 0x31, 0x00, 0x01, 0x00, 0x00, 0x00,
    0x02, 0x00, 0x00, 0x00, 0x00, 0x00, 0x16, 0x00, 0x1c, 0x00, 0x18, 0x00, 0x17, 0x00, 0x10, 0x00,
    0x0c, 0x00, 0x08, 0x00, 0x00, 0x00, 0x00, 0x00, 0x00, 0x00, 0x07, 0x00, 0x16, 0x00, 0x00, 0x00,
    0x00, 0x00, 0x00, 0x01, 0x18, 0x00, 0x00, 0x00, 0x18, 0x00, 0x00, 0x00, 0x02, 0x00, 0x00, 0x00,
    0x00, 0x00, 0x00, 0x02, 0x20, 0x00, 0x00, 0x00, 0x04, 0x00, 0x04, 0x00, 0x04, 0x00, 0x00, 0x00,
    0x0e, 0x00, 0x00, 0x00, 0x61, 0x72, 0x69, 0x74, 0x68, 0x2e, 0x63, 0x6f, 0x6e, 0x73, 0x74, 0x61,
    0x6e, 0x74, 0x00, 0x00, 0x02, 0x00, 0x00, 0x00, 0x04, 0x00, 0x00, 0x00, 0x02, 0x00, 0x00, 0x00,
    0x00, 0x00, 0x16, 0x00, 0x20, 0x00, 0x1c, 0x00, 0x1b, 0x00, 0x14, 0x00, 0x10, 0x00, 0x0c, 0x00,
    0x00, 0x00, 0x00, 0x00, 0x08, 0x00, 0x07, 0x00, 0x16, 0x00, 0x00, 0x00, 0x00, 0x00, 0x00, 0x01,
    0x18, 0x00, 0x00, 0x00, 0x34, 0x00, 0x00, 0x00, 0x54, 0x00, 0x00, 0x00, 0x01, 0x00, 0x00, 0x00,
    0x00, 0x00, 0x00, 0x09, 0x68, 0x00, 0x00, 0x00, 0x04, 0x00, 0x00, 0x00, 0xff, 0xff, 0xff, 0xff,
    0x31, 0x00, 0x00, 0x00, 0x0a, 0x00, 0x00, 0x00, 0x01, 0x00, 0x00, 0x00, 0x0c, 0x00, 0x0c, 0x00,
    0x00, 0x00, 0x00, 0x00, 0x08, 0x00, 0x04, 0x00, 0x0c, 0x00, 0x00, 0x00, 0x08, 0x00, 0x00, 0x00,
    0x14, 0x00, 0x00, 0x00, 0x01, 0x00, 0x00, 0x00, 0x51, 0x00, 0x00, 0x00, 0x00, 0x00, 0x00, 0x00,
    0x00, 0x00, 0x00, 0x00, 0x01, 0x00, 0x00, 0x00, 0x82, 0x09, 0x17, 0x3f, 0x19, 0x00, 0x00, 0x00,
    0x73, 0x65, 0x72, 0x76, 0x69, 0x6e, 0x67, 0x5f, 0x64, 0x65, 0x66, 0x61, 0x75, 0x6c, 0x74, 0x5f,
    0x69, 0x6e, 0x70, 0x75, 0x74, 0x5f, 0x31, 0x3a, 0x30, 0x00, 0x00, 0x00, 0x04, 0x00, 0x00, 0x00,
    0x01, 0x00, 0x00, 0x00, 0x31, 0x00, 0x00, 0x00, 0x0a, 0x00, 0x00, 0x00, 0x01, 0x00, 0x00, 0x00,
    0x06, 0x00, 0x00, 0x00, 0x7c, 0x00, 0x00, 0x00, 0x5c, 0x00, 0x00, 0x00, 0x48, 0x00, 0x00, 0x00,
    0x34, 0x00, 0x00, 0x00, 0x24, 0x00, 0x00, 0x00, 0x04, 0x00, 0x00, 0x00, 0xa8, 0xff, 0xff, 0xff,
    0x09, 0x00, 0x00, 0x00, 0x04, 0x00, 0x00, 0x00, 0x00, 0x00, 0x00, 0x09, 0x0c, 0x00, 0x0c, 0x00,
    0x0b, 0x00, 0x00, 0x00, 0x00, 0x00, 0x04, 0x00, 0x0c, 0x00, 0x00, 0x00, 0x16, 0x00, 0x00, 0x00,
    0x00, 0x00, 0x00, 0x16, 0xd0, 0xff, 0xff, 0xff, 0x01, 0x00, 0x00, 0x00, 0x02, 0x00, 0x00, 0x00,
    0x00, 0x00, 0x00, 0x01, 0xe0, 0xff, 0xff, 0xff, 0x04, 0x00, 0x00, 0x00, 0x03, 0x00, 0x00, 0x00,
    0x00, 0x00, 0x00, 0x04, 0xf0, 0xff, 0xff, 0xff, 0x03, 0x00, 0x00, 0x00, 0x03, 0x00, 0x00, 0x00,
    0x00, 0x00, 0x00, 0x03, 0x0c, 0x00, 0x10, 0x00, 0x0f, 0x00, 0x00, 0x00, 0x08, 0x00, 0x04, 0x00,
    0x0c, 0x00, 0x00, 0x00, 0x22, 0x00, 0x00, 0x00, 0x02, 0x00, 0x00, 0x00, 0x00, 0x00, 0x00, 0x22,
};
const unsigned int g_kws_model_data_len = 18256;
